,,,,,,
Walmart Receiving DCs for Store Numbers 1258-4869,,,,,,
Store #,Address Line 1,Address Line 2,City,State,Zip Code,Phone Number
1258,Fulfillment Svcs 1258,5300 Westport Pkwy,Fort Worth,TX,76177-3216,817-490-7458
1582,Regional Distribution Center,4250 Hamner Ave.,Eastvale,CA,91752-0000,N/A
2011,Regional Distribution Center 2011,7 Sorbello Rd,Pedricktown,NJ,08067-3631,914-216-4356
2076,Fulfillment Svcs 2076,1052 Vern Cora Rd,Laurens,SC,29360-0000,864-682-1500
2179,Repair Shops 2179,5200 Inner Perimeter Rd,Valdosta,GA,31601-0000,N/A
2217,DFW1S Fort Worth TX FC - VS2148,5300 Westport Pkwy,Fort Worth,TX,76177-3216,817-490-7460
2235,Dispatch Office 2235,5200 Inner Perimeter Rd,Valdosta,GA,31601-0000,N/A
2296,Fulfillment Svcs 2296,2 Gateway Blvd,Pedricktown,NJ,08067-3629,856-812-8289
2301,Centerpoint 2301,100 Myrtle Dr,Port Wentworth,GA,31407-1704,479-204-9226
2364,Regional Distribution Center,110 Moss Rd E,Auburndale,FL,33823-2410,863-269-4940
2669,Automated Consolidation Center 2669,3470 Windmill Rd,Cleburne,TX,76033-7746,817-202-3000
2971,Regional Distribution Center 2971,1410 United Dr,Shippensburg,PA,17257-9552,717-913-6100
2999,Smf1t Transfer Station 2999,"7000 Power Line Rd, Ste 2000",Sacramento,CA,95837-9108,916-518-2600
3000,Fulfillment Svcs 3000,6600 N Sarival Ave.,Litchfield Park,AZ,85340-9703,602-760-4534
3001,Fulfillment Svcs 3001,386 Murdock Road,Troutman,NC,28166-0000,704-980-1012
3005,Fulfillment Svcs 3005,14700 Blue Mound Road,Fort Worth,TX,76052-0000,682-354-2430
3006,Regional Distribution Center,2500 E Belt Line Rd,Lancaster,TX,75146-3603,214-647-9012
3010,Regional Distribution Center 3010,1065 Fort Prince Blvd,Wellford,SC,29385-9756,864-336-6610
3040,Fulfillment Svcs 3040,3501 Brandon Road,Joliet,IL,60436-0000,815-860-6648
3108,Phx1 Glendale AZ FC-VS3105,6600 N Sarival Ave,Litchfield Park,AZ,853409703,602-760-4534
3120,Lax2 San Bernardino CA Fc-VS3117,6720 Kimball Ave,Chino,CA,91708-9177,559-783-1110
3124,Regional Distribution Center 3124,1964 Intermodal Ave,Greencastle,PA,17225,717-895-6600
3325,Jet.Com Fresh Fc 3325,1055 Bronx River Ave,Bronx,NY,10472-5500,479-273-4000
3326,Centerpoint 3326,1410 United Dr,Shippensburg,PA,17257-0000,479-204-9053
3365,Fulfillment Svcs 3365,990 N 6550 W,Salt Lake City,UT,84116-0000,801-999-3603
3699,Regional Distribution Center 3699,2321 Industrial Way,Vineland,NJ,08360-1551,856-285-2852
3859,Clt1n Troutman Nc Fc - VS3856,386 Murdock Rd,Troutman,NC,28166-9593,N/A
3865,Dfw6n Fort Worth TX Fc - VS3863,14700 Blue Mound Rd,Fort Worth,TX,76052-0000,N/A
3930,Automated Consolidation Center 3930,201 S Mclinden Rd,Minooka,IL,60447-9922,815-642-9899
3951,Fulfillment Svcs 3951,117 Valentine Industrial Parkway Extension,Pendergrass,GA,30567-0000,706-693-8911
3960,Fulfillment Svcs 3960,7000 Powerline Rd,Sacramento,CA,95837-9108,916-518-2600
3967,Cvg1n WHSE Monroe Oh,650 Gateway Blvd,Monroe,OH,45050-0000,937-285-1005
3968,Fulfillment Svcs 3968,650 Gateway Blvd,Monroe,OH,45050-0000,513-402-6209
4005,Regional Distribution Center 4005,9360 Allpoints Pkwy,Plainfield,IN,46168-5907,317-754-3612
4013,Clt1n Charlotte,117 Valentine Industrial Parkway Extension,Pendergrass,GA,30567-0000,N/A
4020,Regional Distribution Center 4020,101 Broome Corporate Pkwy,Conklin,NY,13748-1507,607-251-7351
4027,Smf1n,7000 Powerline Rd,Sacramento,CA,95837-9108,N/A
4030,Fulfillment Svcs 4030,6055 S. Fulton Parkway,Atlanta,GA,30349-0000,770-603-4411
4034,Mci1n Topeka,1303 Sw Innovation Parkway,Topeka,KS,66619-0000,N/A
4038,Fulfillment Svcs 4038,9590 Allpoints Parkway,Plainfield,IN,46168-0000,317-406-8139
4047,Regional Distribution Center 4047,6500 Trade Water Pkwy Sw,Atlanta,GA,30336-2867,404-460-0500
4072,Ho Admin Dpt 4072,4000 Creekside Pkwy Ste C,Lockbourne,OH,43137-9302,650-784-5379
4078,Fulfillment Svcs 4078,6750 Kimball Avenue,Chino,CA,91708-0000,909-313-3113
4085,Fulfillment Svcs 4085,5100 N Ridge Trl,Davenport,FL,33897-6414,863-256-1801
4087,Fulfillment Svcs 4087,3215 Commerce Center Blvd,Bethlehem,PA,18015-0000,484-635-3152
4089,Ho Admin Dpt 4089,2785 Commerce Center Blvd,Bethlehem,PA,18015-0000,N/A
4091,Fulfillment Svcs 4091,5150 E Mariposa Rd,Stockton,CA,95215-8125,209-937-1158
4093,Regional Distribution Center 4093,6730 Kimball Ave,Chino,CA,917089177,N/A
4120,Centerpoint 4120,1000 Micro Dr,Mira Loma,CA,91752-1025,951-435-8179
4121,Centerpoint 4121,385 Callaway Church Rd,Lagrange,GA,30241-9391,706-242-4200
4123,Fulfillment Svcs 4123,9200 Alexander Rd,Olive Branch,MS,38654-3900,662-932-5588
4124,Fulfillment Svcs 4124,1015 Hixson Blvd,Lebanon,TN,37090-1409,615-994-4940
4146,VDC Imports Jewelry Ny Se,3301 E Park And Blass Ave,Searcy,AR,72143-0000,N/A
4154,Regional Distribution Center 4154,3320 S Arlington Ave,Indianapolis,IN,46203-5715,317-352-1211
4158,Regional Distribution Center,2000 Charleston Regional Pkwy,Charleston,SC,29492-8337,912-677-0276
4170,Regional Distribution Center 4170,4633 Borusan Rd,Baytown,TX,77523-0000,346-801-6277
4300,Ho Admin Dpt 4300,1410 United Dr,Shippensburg,PA,17257-9552,N/A
4300,Phl4n Shippensburg PA FC VS4225 430,1410 United Dr,Shippensburg,PA,17257-9552,N/A
4301,Regional Distribution Center 4301,10480 Marina Dr,Olive Branch,MS,38654-3704,662-932-5588
4313,RDC Sortation Node Mi9 4313,500 Jonesville Rd,Coldwater,MI,49036-9648,517-279-3700
4314,RDC Sortation Node KY9 4314,690 Crenshaw Blvd,Hopkinsville,KY,42240-6824,270-707-5000
4316,RDC Sortation Node Nc9 4316,200 Wal Mart Dr,Shelby,NC,28150-3717,704-487-2531
4807,Sams Club 4807,"13300 John F Kennedy Blvd, Ste 200",Houston,TX,77039-3556,281-249-0396
4867,Regional Distribution Center 4867,2001 Old River Rd,Bloomingdale,GA,31302-0000,678-459-1940
4869,Regional Distribution Center 4869,TBD,Chicago,IL,60601-0000,N/A
,,,,,,
Walmart Receiving DCs for Store Numbers 6003-6995,,,,,,
,,,,,,
Store #,Address Line 1,Address Line 2,City,State,Zip Code,Phone Number
6003,Walmart DC 6003r-regular,3301 E Park And Blass Ave,Searcy,AR,72143-0000,501-268-2411
6003,Walmart DC 6003g-general,3301 E Park And Blass Ave,Searcy,AR,72143-0000,501-268-2411
6003,Walmart DC 6003t-TAB,3301 E Park And Blass Ave,Searcy,AR,72143-0000,501-268-2411
6003,Walmart DC 6003d-DSDC,3301 E Park And Blass Ave,Searcy,AR,72143-0000,501-268-2411
6003,Walmart DC 6003j-jit,3301 E Park And Blass Ave,Searcy,AR,72143-0000,501-268-2411
6003,Walmart DC 6003p-PAD,3301 E Park And Blass Ave,Searcy,AR,72143-0000,501-268-2411
6003,Walmart DC 6003w-WPM,3301 E Park And Blass Ave,Searcy,AR,72143-0000,501-268-2411
6003,Walmart DC 6003i-IMP ASM,3301 E Park And Blass Ave,Searcy,AR,72143-0000,501-268-2411
6003,Walmart DC 6003a-ASM Dis,3301 E Park And Blass Ave,Searcy,AR,72143-0000,501-268-2411
6004,Walmart DC 6004,702 Sw 8th St,Bentonville,AR,72716-6209,501-277-2411
6005,Palestine TX Fashion 6005,201 Old Elkhart Rd,Palestine,TX,75801-5931,903-729-2121
6006,"Cullman, Al RDC 6006",2200 7th Ave Sw,Cullman,AL,35055-6333,205-734-5121
6009,Mt Pleasant Ia Dps 6009,1501 E Mapleleaf Dr,Mount Pleasant,IA,52641,319-385-2313
6010,Walmart Warehouse 6010,1401 Baker Hwy W,Douglas,GA,31533-2111,912-384-1111
6010,Walmart DC 6010g-general,1401 Baker Hwy W,Douglas,GA,31533-2111,912-384-1111
6010,Walmart DC 6010t-TAB,1401 Baker Hwy W,Douglas,GA,31533-2111,912-384-1111
6010,Walmart DC 6010d-DSDC,1401 Baker Hwy W,Douglas,GA,31533-2111,912-384-1111
6010,Walmart Warehouse 6010,1401 Baker Hwy W,Douglas,GA,31533-2111,912-384-1111
6010,Walmart DC 6010p-PAD,1401 Baker Hwy W,Douglas,GA,31533-2111,912-384-1111
6010,Walmart DC 6010w-WPM,1401 Baker Hwy W,Douglas,GA,31533-2111,912-384-1111
6010,Walmart DC 6010i-IMP ASM,1401 Baker Hwy W,Douglas,GA,31533-2111,912-384-1111
6010,Walmart DC 6010a-ASM Dis,1401 Baker Hwy W,Douglas,GA,31533-2111,912-384-1111
6011,Walmart DC 6011r-regular,2200 Manufacturers Blvd Ne,Brookhaven,MS,396019560,601-833-2411
6011,"Brookhaven, Ms RDC 6011",2200 Manufacturers Blvd Ne,Brookhaven,MS,396019560,601-833-2411
6011,Walmart DC 6011j-jit,2200 Manufacturers Blvd Ne,Brookhaven,MS,396019560,601-833-2411
6011,"Brookhaven, Ms RDC 6011",2200 Manufacturers Blvd Ne,Brookhaven,MS,396019560,601-833-2411
6012,Walmart DC 6012r-regular,3101 Quincy St,Plainview,TX,79072,806-296-1182
6012,Walmart Warehouse 6012,3101 Quincy St,Plainview,TX,79072,806-296-1182
6012,Walmart DC 6012j-jit,3101 Quincy St,Plainview,TX,79072,806-296-1182
6012,Walmart Warehouse 6012,3101 Quincy St,Plainview,TX,79072,806-296-1182
6013,Walmart Pharmacy Warehouse 6013,4501 Walmart Way,Tifton,GA,31794-8826,229-382-5019
6014,Regional Distribution Center 6014,1050 Vern Cora Rd,Laurens,SC,29360-5346,800-922-0523
6014,Walmart DC 6014g-general,1050 Vern Cora Rd,Laurens,SC,29360-5346,800-922-0523
6014,Walmart DC 6014t-TAB,1050 Vern Cora Rd,Laurens,SC,29360-5346,800-922-0523
6014,Walmart DC 6014d-DSDC,1050 Vern Cora Rd,Laurens,SC,29360-5346,800-922-0523
6014,Regional Distribution Center 6014,1050 Vern Cora Rd,Laurens,SC,29360-5346,800-922-0523
6014,Walmart DC 6014p-PAD,1050 Vern Cora Rd,Laurens,SC,29360-5346,800-922-0523
6014,Walmart DC 6014w-WPM,1050 Vern Cora Rd,Laurens,SC,29360-5346,800-922-0523
6014,Walmart DC 6014i-IMP ASM,1050 Vern Cora Rd,Laurens,SC,29360-5346,800-922-0523
6014,Walmart DC 6014a-ASM Dis,1050 Vern Cora Rd,Laurens,SC,29360-5346,800-922-0523
6016,Walmart Warehouse 6016,3900 N Ih 35,New Braunfels,TX,78130-2607,210-608-2178
6016,Walmart DC 6016g-general,3900 N Ih 35,New Braunfels,TX,78130-2607,210-608-2178
6016,Walmart Warehouse 6016,3900 N Ih 35,New Braunfels,TX,78130-2607,210-608-2178
6016,Walmart DC 6016d-DSDC,3900 N Ih 35,New Braunfels,TX,78130-2607,210-608-2178
6016,Walmart Warehouse 6016,3900 N Ih 35,New Braunfels,TX,78130-2607,210-608-2178
6016,Walmart DC 6016p-PAD,3900 N Ih 35,New Braunfels,TX,78130-2607,210-608-2178
6016,Walmart DC 6016w-WPM,3900 N Ih 35,New Braunfels,TX,78130-2607,210-608-2178
6016,Walmart DC 6016i-IMP ASM,3900 N Ih 35,New Braunfels,TX,78130-2607,210-608-2178
6016,Walmart DC 6016a-ASM Dis,3900 N Ih 35,New Braunfels,TX,78130-2607,210-608-2178
6017,Walmart Warehouse 6017,2106 E Tipton St,Seymour,IN,47274,812-522-2598
6017,Walmart DC 6017g-general,2106 E Tipton St,Seymour,IN,47274,812-522-2598
6017,Walmart Warehouse 6017,2106 E Tipton St,Seymour,IN,47274,812-522-2598
6017,Walmart DC 6017d-DSDC,2106 E Tipton St,Seymour,IN,47274,812-522-2598
6017,Walmart Warehouse 6017,2106 E Tipton St,Seymour,IN,47274,812-522-2598
6017,Walmart DC 6017p-PAD,2106 E Tipton St,Seymour,IN,47274,812-522-2598
6017,Walmart DC 6017w-WPM,2106 E Tipton St,Seymour,IN,47274,812-522-2598
6017,Walmart DC 6017i-IMP ASM,2106 E Tipton St,Seymour,IN,47274,812-522-2598
6017,Walmart DC 6017a-ASM Dis,2106 E Tipton St,Seymour,IN,47274,812-522-2598
6018,Walmart Warehouse 6018,2103 S Main St,Searcy,AR,721439052,501-268-2411
6018,Walmart DC 6018g-general,2103 S Main St,Searcy,AR,721439052,501-268-2411
6018,Walmart Warehouse 6018,2103 S Main St,Searcy,AR,721439052,501-268-2411
6018,Walmart DC 6018d-DSDC,2103 S Main St,Searcy,AR,721439052,501-268-2411
6018,Walmart Warehouse 6018,2103 S Main St,Searcy,AR,721439052,501-268-2411
6018,Walmart DC 6018p-PAD,2103 S Main St,Searcy,AR,721439052,501-268-2411
6018,Walmart DC 6018w-WPM,2103 S Main St,Searcy,AR,721439052,501-268-2411
6018,Walmart DC 6018i-IMP ASM,2103 S Main St,Searcy,AR,721439052,501-268-2411
6018,Walmart DC 6018a-ASM Dis,2103 S Main St,Searcy,AR,721439052,501-268-2411
6019,Walmart Warehouse 6019,7500 E Crossroads Blvd,Loveland,CO,80538-8958,970-667-3122
6019,Walmart DC 6019g-general,7500 E Crossroads Blvd,Loveland,CO,80538-8958,970-667-3122
6019,Walmart DC 6019t-TAB,7500 E Crossroads Blvd,Loveland,CO,80538-8958,970-667-3122
6019,Walmart DC 6019d-DSDC,7500 E Crossroads Blvd,Loveland,CO,80538-8958,970-667-3122
6019,Walmart Warehouse 6019,7500 E Crossroads Blvd,Loveland,CO,80538-8958,970-667-3122
6019,Walmart DC 6019p-PAD,7500 E Crossroads Blvd,Loveland,CO,80538-8958,970-667-3122
6019,Walmart DC 6019w-WPM,7500 E Crossroads Blvd,Loveland,CO,80538-8958,970-667-3122
6019,Walmart DC 6019i-IMP ASM,7500 E Crossroads Blvd,Loveland,CO,80538-8958,970-667-3122
6019,Walmart DC 6019a-ASM Dis,7500 E Crossroads Blvd,Loveland,CO,80538-8958,970-667-3122
6020,Walmart Warehouse 6020,4224 Kettering Rd,Brooksville,FL,34602,352-596-5555
6020,Walmart DC 6020g-general,4224 Kettering Rd,Brooksville,FL,34602,352-596-5555
6020,Walmart DC 6020t-TAB,4224 Kettering Rd,Brooksville,FL,34602,352-596-5555
6020,Walmart DC 6020d-DSDC,4224 Kettering Rd,Brooksville,FL,34602,352-596-5555
6020,Walmart Warehouse 6020,4224 Kettering Rd,Brooksville,FL,34602,352-596-5555
6020,Walmart DC 6020p-PAD,4224 Kettering Rd,Brooksville,FL,34602,352-596-5555
6020,Walmart DC 6020w-WPM,4224 Kettering Rd,Brooksville,FL,34602,352-596-5555
6020,Walmart DC 6020i-IMP ASM,4224 Kettering Rd,Brooksville,FL,34602,352-596-5555
6020,Walmart DC 6020a-ASM Dis,4224 Kettering Rd,Brooksville,FL,34602,352-596-5555
6021,Walmart DC 6021r-regular,1005 S H St,Porterville,CA,93257,209-782-7426
6021,Walmart DC 6021g-general,1005 S H St,Porterville,CA,93257,209-782-7426
6021,Walmart DC 6021t-TAB,1005 S H St,Porterville,CA,93257,209-782-7426
6021,Walmart DC 6021d-DSDC,1005 S H St,Porterville,CA,93257,209-782-7426
6021,Walmart DC 6021j-jit,1005 S H St,Porterville,CA,93257,209-782-7426
6021,Walmart DC 6021p-PAD,1005 S H St,Porterville,CA,93257,209-782-7426
6021,Walmart DC 6021w-WPM,1005 S H St,Porterville,CA,93257,209-782-7426
6021,Walmart DC 6021i-IMP ASM,1005 S H St,Porterville,CA,93257,209-782-7426
6021,Walmart DC 6021a-ASM Dis,1005 S H St,Porterville,CA,93257,209-782-7426
6022,Walmart DC 6022r-regular,1528 E St Road 240,GreenCAstle,IN,46135-7573,317-653-4111
6022,Greencastle In Fashion 6022,1528 E St Road 240,Greencastle,IN,46135-7573,317-653-4111
6022,Walmart DC 6022j-jit,1528 E St Road 240,Greencastle,IN,46135-7573,317-653-4111
6022,Greencastle In Fashion 6022,1528 E St Road 240,Greencastle,IN,46135-7573,317-653-4111
6023,Walmart Warehouse 6023,21500 Cox Rd,Sutherland,VA,23885-9464,804-469-3755
6023,Walmart DC 6023g-general,21500 Cox Rd,Sutherland,VA,23885-9464,804-469-3755
6023,Walmart DC 6023t-TAB,21500 Cox Rd,Sutherland,VA,23885-9464,804-469-3755
6023,Walmart DC 6023d-DSDC,21500 Cox Rd,Sutherland,VA,23885-9464,804-469-3755
6023,Walmart Warehouse 6023,21500 Cox Rd,Sutherland,VA,23885-9464,804-469-3755
6023,Walmart DC 6023p-PAD,21500 Cox Rd,Sutherland,VA,23885-9464,804-469-3755
6023,Walmart DC 6023w-WPM,21500 Cox Rd,Sutherland,VA,23885-9464,804-469-3755
6023,Walmart DC 6023i-IMP ASM,21500 Cox Rd,Sutherland,VA,23885-9464,804-469-3755
6023,Walmart DC 6023a-ASM Dis,21500 Cox Rd,Sutherland,VA,23885-9464,804-469-3755
6024,Walmart Warehouse 6024,3880 Southwest Blvd,Grove City,OH,43123-9071,614-875-6549
6024,Walmart DC 6024g-general,3880 Southwest Blvd,Grove City,OH,43123-9071,614-875-6549
6024,Walmart DC 6024t-TAB,3880 Southwest Blvd,Grove City,OH,43123-9071,614-875-6549
6024,Walmart DC 6024d-DSDC,3880 Southwest Blvd,Grove City,OH,43123-9071,614-875-6549
6024,Walmart Warehouse 6024,3880 Southwest Blvd,Grove City,OH,43123-9071,614-875-6549
6024,Walmart DC 6024p-PAD,3880 Southwest Blvd,Grove City,OH,43123-9071,614-875-6549
6024,Walmart DC 6024w-WPM,3880 Southwest Blvd,Grove City,OH,43123-9071,614-875-6549
6024,Walmart DC 6024i-IMP ASM,3880 Southwest Blvd,Grove City,OH,43123-9071,614-875-6549
6024,Walmart DC 6024a-ASM Dis,3880 Southwest Blvd,Grove City,OH,43123-9071,614-875-6549
6025,Walmart Warehouse 6025,6140 3m Dr,Menomonie,WI,54751,715-232-1991
6025,Walmart DC 6025g-general,6140 3m Dr,Menomonie,WI,54751,715-232-1991
6025,Walmart DC 6025t-TAB,6140 3m Dr,Menomonie,WI,54751,715-232-1991
6025,Walmart DC 6025d-DSDC,6140 3m Dr,Menomonie,WI,54751,715-232-1991
6025,Walmart Warehouse 6025,6140 3m Dr,Menomonie,WI,54751,715-232-1991
6025,Walmart DC 6025p-PAD,6140 3m Dr,Menomonie,WI,54751,715-232-1991
6025,Walmart DC 6025w-WPM,6140 3m Dr,Menomonie,WI,54751,715-232-1991
6025,Walmart DC 6025i-IMP ASM,6140 3m Dr,Menomonie,WI,54751,715-232-1991
6025,Walmart DC 6025a-ASM Dis,6140 3m Dr,Menomonie,WI,54751,715-232-1991
6026,Walmart Warehouse 6026,10815 State Highway 99w,Red Bluff,CA,96080-7747,916-527-2241
6026,Walmart DC 6026g-general,10815 State Highway 99w,Red Bluff,CA,96080-7747,916-527-2241
6026,Walmart DC 6026t-TAB,10815 State Highway 99w,Red Bluff,CA,96080-7747,916-527-2241
6026,Walmart DC 6026d-DSDC,10815 State Highway 99w,Red Bluff,CA,96080-7747,916-527-2241
6026,Walmart Warehouse 6026,10815 State Highway 99w,Red Bluff,CA,96080-7747,916-527-2241
6026,Walmart DC 6026p-PAD,10815 State Highway 99w,Red Bluff,CA,96080-7747,916-527-2241
6026,Walmart DC 6026w-WPM,10815 State Highway 99w,Red Bluff,CA,96080-7747,916-527-2241
6026,Walmart DC 6026i-IMP ASM,10815 State Highway 99w,Red Bluff,CA,96080-7747,916-527-2241
6026,Walmart DC 6026a-ASM Dis,10815 State Highway 99w,Red Bluff,CA,96080-7747,916-527-2241
6027,Walmart Warehouse 6027,210 Owens Rd,Woodland,PA,16881,814-765-7881
6027,Walmart DC 6027g-general,210 Owens Rd,Woodland,PA,16881,814-765-7881
6027,Walmart DC 6027t-TAB,210 Owens Rd,Woodland,PA,16881,814-765-7881
6027,Walmart DC 6027d-DSDC,210 Owens Rd,Woodland,PA,16881,814-765-7881
6027,Walmart Warehouse 6027,210 Owens Rd,Woodland,PA,16881,814-765-7881
6027,Walmart DC 6027p-PAD,210 Owens Rd,Woodland,PA,16881,814-765-7881
6027,Walmart DC 6027w-WPM,210 Owens Rd,Woodland,PA,16881,814-765-7881
6027,Walmart DC 6027i-IMP ASM,210 Owens Rd,Woodland,PA,16881,814-765-7881
6027,Walmart DC 6027a-ASM Dis,210 Owens Rd,Woodland,PA,16881,814-765-7881
6028,Walmart Pharmacy Warehouse 6028,801 Corda Blvd,Crawfordsville,IN,47933-2152,765-364-1192
6029,Walmart Warehouse 6029,150 N Highway 91,Hurricane,UT,84737,801-635-2241
6029,Walmart DC 6029g-general,150 N Highway 91,Hurricane,UT,84737,801-635-2241
6029,Walmart DC 6029t-TAB,150 N Highway 91,Hurricane,UT,84737,801-635-2241
6029,Walmart DC 6029d-DSDC,150 N Highway 91,Hurricane,UT,84737,801-635-2241
6029,Walmart Warehouse 6029,150 N Highway 91,Hurricane,UT,84737,801-635-2241
6029,Walmart DC 6029p-PAD,150 N Highway 91,Hurricane,UT,84737,801-635-2241
6029,Walmart DC 6029w-WPM,150 N Highway 91,Hurricane,UT,84737,801-635-2241
6029,Walmart DC 6029i-IMP ASM,150 N Highway 91,Hurricane,UT,84737,801-635-2241
,,,,,,
6029,Walmart DC 6029a-ASM Dis,150 N Highway 91,Hurricane,UT,84737,801-635-2241
6030,Walmart Warehouse 6030,42 Freetown Rd,Raymond,NH,03077-2385,603-895-4222
6030,Walmart DC 6030g-general,42 Freetown Rd,Raymond,NH,03077-2385,603-895-4222
6030,Walmart DC 6030t-TAB,42 Freetown Rd,Raymond,NH,03077-2385,603-895-4222
6030,Walmart DC 6030d-DSDC,42 Freetown Rd,Raymond,NH,03077-2385,603-895-4222
6030,Walmart Warehouse 6030,42 Freetown Rd,Raymond,NH,03077-2385,603-895-4222
6030,Walmart DC 6030p-PAD,42 Freetown Rd,Raymond,NH,03077-2385,603-895-4222
6030,Walmart DC 6030w-WPM,42 Freetown Rd,Raymond,NH,03077-2385,603-895-4222
6030,Walmart DC 6030i-IMP ASM,42 Freetown Rd,Raymond,NH,03077-2385,603-895-4222
6030,Walmart DC 6030a-ASM Dis,42 Freetown Rd,Raymond,NH,03077-2385,603-895-4222
6031,Walmart DC 6031r-regular,23702 W Southern Ave,Buckeye,AZ,85326,501-374-1212
6031,Walmart DC 6031g-general,23702 W Southern Ave,Buckeye,AZ,85326,501-374-1212
6031,Walmart DC 6031t-TAB,23702 W Southern Ave,Buckeye,AZ,85326,501-374-1212
6031,Walmart DC 6031d-DSDC,23702 W Southern Ave,Buckeye,AZ,85326,501-374-1212
6031,Walmart DC 6031j-jit,23702 W Southern Ave,Buckeye,AZ,85326,501-374-1212
6031,Walmart DC 6031p-PAD,23702 W Southern Ave,Buckeye,AZ,85326,501-374-1212
6031,Walmart DC 6031w-WPM,23702 W Southern Ave,Buckeye,AZ,85326,501-374-1212
6031,Walmart DC 6031i-IMP ASM,23702 W Southern Ave,Buckeye,AZ,85326,501-374-1212
6031,Walmart DC 6031a-ASM Dis,23702 W Southern Ave,Buckeye,AZ,85326,501-374-1212
6032,Walmart Warehouse 6032,Pharmacy Warehouse,Hanford,CA,93230-0000,559-583-6071
6035,Walmart Warehouse 6035,3220 Nevada Ter,Ottawa,KS,66067-8410,785-242-4555
6035,Walmart DC 6035g-general,3220 Nevada Ter,Ottawa,KS,66067-8410,785-242-4555
6035,Walmart DC 6035t-TAB,3220 Nevada Ter,Ottawa,KS,66067-8410,785-242-4555
6035,Walmart DC 6035d-DSDC,3220 Nevada Ter,Ottawa,KS,66067-8410,785-242-4555
6035,Walmart Warehouse 6035,3220 Nevada Ter,Ottawa,KS,66067-8410,785-242-4555
6035,Walmart DC 6035p-PAD,3220 Nevada Ter,Ottawa,KS,66067-8410,785-242-4555
6035,Walmart DC 6035w-WPM,3220 Nevada Ter,Ottawa,KS,66067-8410,785-242-4555
6035,Walmart DC 6035i-IMP ASM,3220 Nevada Ter,Ottawa,KS,66067-8410,785-242-4555
6035,Walmart DC 6035a-ASM Dis,3220 Nevada Ter,Ottawa,KS,66067-8410,785-242-4555
6036,Walmart Warehouse 6036,14863 Farm To Market Rd 645,Palestine,TX,75803-1220,903-729-2121
6036,Walmart DC 6036g-general,14863 Farm To Market Rd 645,Palestine,TX,75803-1220,903-729-2121
6036,Walmart DC 6036t-TAB,14863 Farm To Market Rd 645,Palestine,TX,75803-1220,903-729-2121
6036,Walmart DC 6036d-DSDC,14863 Farm To Market Rd 645,Palestine,TX,75803-1220,903-729-2121
6036,Walmart Warehouse 6036,14863 Farm To Market Rd 645,Palestine,TX,75803-1220,903-729-2121
6036,Walmart DC 6036p-PAD,14863 Farm To Market Rd 645,Palestine,TX,75803-1220,903-729-2121
6036,Walmart DC 6036w-WPM,14863 Farm To Market Rd 645,Palestine,TX,75803-1220,903-729-2121
6036,Walmart DC 6036i-IMP ASM,14863 Farm To Market Rd 645,Palestine,TX,75803-1220,903-729-2121
6036,Walmart DC 6036a-ASM Dis,14863 Farm To Market Rd 645,Palestine,TX,75803-1220,903-729-2121
6037,"Hermiston, Or RDC 6037",1455 Se Feedville Rd,Hermiston,OR,97838,541-564-4600
6038,Walmart Warehouse 6038,8827 Old River Rd,Marcy,NY,13403-3030,315-736-2313
6038,Walmart DC 6038g-general,8827 Old River Rd,Marcy,NY,13403-3030,315-736-2313
6038,Walmart DC 6038t-TAB,8827 Old River Rd,Marcy,NY,13403-3030,315-736-2313
6038,Walmart DC 6038d-DSDC,8827 Old River Rd,Marcy,NY,13403-3030,315-736-2313
6038,Walmart Warehouse 6038,8827 Old River Rd,Marcy,NY,13403-3030,315-736-2313
6038,Walmart DC 6038p-PAD,8827 Old River Rd,Marcy,NY,13403-3030,315-736-2313
6038,Walmart DC 6038w-WPM,8827 Old River Rd,Marcy,NY,13403-3030,315-736-2313
6038,Walmart DC 6038i-IMP ASM,8827 Old River Rd,Marcy,NY,13403-3030,315-736-2313
6038,Walmart DC 6038a-ASM Dis,8827 Old River Rd,Marcy,NY,13403-3030,315-736-2313
6039,Walmart Warehouse 6039,1659 Pottertown Rd,Midway,TN,37809-0000,423-235-2300
6039,Walmart DC 6039g-general,1659 Pottertown Rd,Midway,TN,37809-0000,423-235-2300
6039,Walmart DC 6039t-TAB,1659 Pottertown Rd,Midway,TN,37809-0000,423-235-2300
6039,Walmart DC 6039d-DSDC,1659 Pottertown Rd,Midway,TN,37809-0000,423-235-2300
6039,Walmart Warehouse 6039,1659 Pottertown Rd,Midway,TN,37809-0000,423-235-2300
6039,Walmart DC 6039p-PAD,1659 Pottertown Rd,Midway,TN,37809-0000,423-235-2300
6039,Walmart DC 6039w-WPM,1659 Pottertown Rd,Midway,TN,37809-0000,423-235-2300
6039,Walmart DC 6039i-IMP ASM,1659 Pottertown Rd,Midway,TN,37809-0000,423-235-2300
6039,Walmart DC 6039a-ASM Dis,1659 Pottertown Rd,Midway,TN,37809-0000,423-235-2300
6040,Walmart DC 6040r-regular,1020 Walmart Dr,Hope Mills,NC,28348,910-426-5000
6040,Walmart Warehouse 6040,1020 Walmart Dr,Hope Mills,NC,28348,910-426-5000
6040,Walmart DC 6040j-jit,1020 Walmart Dr,Hope Mills,NC,28348,910-426-5000
6040,Walmart Warehouse 6040,1020 Walmart Dr,Hope Mills,NC,28348,910-426-5000
6041,Walmart DC 6041r-regular,180 High St,Sharon Springs,NY,13459-9510,518-284-5582
6041,Sharon Springs Ny Fashion 6041,180 High St,Sharon Springs,NY,13459-9510,518-284-5582
6041,Walmart DC 6041j-jit,180 High St,Sharon Springs,NY,13459-9510,518-284-5582
6041,Sharon Springs Ny Fashion 6041,180 High St,Sharon Springs,NY,13459-9510,518-284-5582
6042,Walmart Grocery WHSE 6042,20634 Indian Meridian Road,Pauls Valley,OK,73075-9598,405-207-5000
6043,Walmart Warehouse 6043,500 Jonesville Rd,Coldwater,MI,49036-9648,517-279-3700
6043,Walmart DC 6043g-general,500 Jonesville Rd,Coldwater,MI,49036-9648,517-279-3700
6043,Walmart DC 6043t-TAB,500 Jonesville Rd,Coldwater,MI,49036-9648,517-279-3700
6043,Walmart DC 6043d-DSDC,500 Jonesville Rd,Coldwater,MI,49036-9648,517-279-3700
6043,Walmart Warehouse 6043,500 Jonesville Rd,Coldwater,MI,49036-9648,517-279-3700
6043,Walmart DC 6043p-PAD,500 Jonesville Rd,Coldwater,MI,49036-9648,517-279-3700
6043,Walmart DC 6043w-WPM,500 Jonesville Rd,Coldwater,MI,49036-9648,517-279-3700
6043,Walmart DC 6043i-IMP ASM,500 Jonesville Rd,Coldwater,MI,49036-9648,517-279-3700
6043,Walmart DC 6043a-ASM Dis,500 Jonesville Rd,Coldwater,MI,49036-9648,517-279-3700
6044,Ho Admin Dpt 6044,801 Corda Blvd,Crawfordsville,IN,47933-2152,614-409-5500
6045,Walmart DC 6045r-regular,2250 N 8th St Ste 102-a,Rogers,AR,72756-0005,479-273-7588
6045,Walmart DC 6045g-general,2250 N 8th St Ste 102-a,Rogers,AR,72756-0005,479-273-7588
6045,Walmart DC 6045t-TAB,2250 N 8th St Ste 102-a,Rogers,AR,72756-0005,479-273-7588
6045,Walmart DC 6045d-DSDC,2250 N 8th St Ste 102-a,Rogers,AR,72756-0005,479-273-7588
6045,Walmart DC 6045j-jit,2250 N 8th St Ste 102-a,Rogers,AR,72756-0005,479-273-7588
6045,Walmart DC 6045p-PAD,2250 N 8th St Ste 102-a,Rogers,AR,72756-0005,479-273-7588
6045,Walmart DC 6045w-WPM,2250 N 8th St Ste 102-a,Rogers,AR,72756-0005,479-273-7588
6045,Walmart DC 6045i-IMP ASM,2250 N 8th St Ste 102-a,Rogers,AR,72756-0005,479-273-7588
6045,Walmart DC 6045a-ASM Dis,2250 N 8th St Ste 102-a,Rogers,AR,72756-0005,479-273-7588
6046,Walmart Pharmacy Warehouse 6046,11121 Elliott Pl,Williamsport,MD,21795-4087,301-223-5800
6047,Walmart Grocery WHSE 6047,181 Walmart Road,Bedford,PA,15522-7677,814-624-5200
6048,Walmart Warehouse 6048,3160 Highway 743,Opelousas,LA,70570-0577,337-594-1500
6048,Walmart DC 6048g-general,3160 Highway 743,Opelousas,LA,70570-0577,337-594-1500
6048,Walmart DC 6048t-TAB,3160 Highway 743,Opelousas,LA,70570-0577,337-594-1500
6048,Walmart DC 6048d-DSDC,3160 Highway 743,Opelousas,LA,70570-0577,337-594-1500
6048,Walmart Warehouse 6048,3160 Highway 743,Opelousas,LA,70570-0577,337-594-1500
6048,Walmart DC 6048p-PAD,3160 Highway 743,Opelousas,LA,70570-0577,337-594-1500
6048,Walmart DC 6048w-WPM,3160 Highway 743,Opelousas,LA,70570-0577,337-594-1500
6048,Walmart DC 6048i-IMP ASM,3160 Highway 743,Opelousas,LA,70570-0577,337-594-1500
6048,Walmart DC 6048a-ASM Dis,3160 Highway 743,Opelousas,LA,70570-0577,337-594-1500
6049,Walmart DC 6049r-regular,3301 E Park And Blass Ave,Searcy,AR,72143-0000,931-680-3462
6049,Walmart DC 6049g-general,3301 E Park And Blass Ave,Searcy,AR,72143-0000,931-680-3462
6049,Walmart DC 6049t-TAB,3301 E Park And Blass Ave,Searcy,AR,72143-0000,931-680-3462
6049,Walmart DC 6049d-DSDC,3301 E Park And Blass Ave,Searcy,AR,72143-0000,931-680-3462
6049,Walmart DC 6049j-jit,3301 E Park And Blass Ave,Searcy,AR,72143-0000,931-680-3462
6049,Walmart DC 6049p-PAD,3301 E Park And Blass Ave,Searcy,AR,72143-0000,931-680-3462
6049,Walmart DC 6049w-WPM,3301 E Park And Blass Ave,Searcy,AR,72143-0000,931-680-3462
6049,Walmart DC 6049i-IMP ASM,3301 E Park And Blass Ave,Searcy,AR,72143-0000,931-680-3462
6049,Walmart DC 6049a-ASM Dis,3301 E Park And Blass Ave,Searcy,AR,72143-0000,931-680-3462
6050,Regional Distribution Center 6050,8917 Molly Ste 3,Laredo,TX,78045-8940,956-326-1060
6051,Walmart DC 6051r-regular,1110 Se 10th St,Bentonville,AR,72712-6470,479-277-2851
6051,Walmart DC 6051g-general,1110 Se 10th St,Bentonville,AR,72712-6470,479-277-2851
6051,Walmart DC 6051t-TAB,1110 Se 10th St,Bentonville,AR,72712-6470,479-277-2851
6051,Walmart DC 6051d-DSDC,1110 Se 10th St,Bentonville,AR,72712-6470,479-277-2851
6051,Walmart DC 6051j-jit,1110 Se 10th St,Bentonville,AR,72712-6470,479-277-2851
6051,Walmart DC 6051p-PAD,1110 Se 10th St,Bentonville,AR,72712-6470,479-277-2851
6051,Walmart DC 6051w-WPM,1110 Se 10th St,Bentonville,AR,72712-6470,479-277-2851
6051,Walmart DC 6051i-IMP ASM,1110 Se 10th St,Bentonville,AR,72712-6470,479-277-2851
6051,Walmart DC 6051a-ASM Dis,1110 Se 10th St,Bentonville,AR,72712-6470,479-277-2851
6052,"Lakeland, Fl",6800 State Road 33 N,Lakeland,FL,33805-8002,901-458-3311
6053,Regional Distribution Center 6053,TBD,Houston,TX,77001-0000,9990 9999
6054,Walmart Warehouse 6054,385 Callaway Church Rd,Lagrange,GA,30241-9391,9990 9999
6054,Walmart DC 6054g-general,385 Callaway Church Rd,Lagrange,GA,30241-9391,9990 9999
6054,Walmart DC 6054t-TAB,385 Callaway Church Rd,Lagrange,GA,30241-9391,9990 9999
6054,Walmart DC 6054d-DSDC,385 Callaway Church Rd,Lagrange,GA,30241-9391,9990 9999
6054,Walmart Warehouse 6054,385 Callaway Church Rd,Lagrange,GA,30241-9391,9990 9999
6054,Walmart DC 6054p-PAD,385 Callaway Church Rd,Lagrange,GA,30241-9391,9990 9999
6054,Walmart DC 6054w-WPM,385 Callaway Church Rd,Lagrange,GA,30241-9391,9990 9999
6054,Walmart DC 6054i-IMP ASM,385 Callaway Church Rd,Lagrange,GA,30241-9391,9990 9999
6054,Walmart DC 6054a-ASM Dis,385 Callaway Church Rd,Lagrange,GA,30241-9391,9990 9999
6055,Walmart Grocery/Fresh WHSE 6055,655 Unisia Dr.,Monroe,GA,30655-5378,770-266-4800
6056,Walmart Grocery/Fresh WHSE 6056,591 Apache Trail,Terrell,TX,75160-6572,972-551-5400
6057,Regional Distribution Center 6057,45346 Pkwy Blvd,Robert,LA,70455-2221,985-902-3000
6058,Walmart DC 6058,4501 Sw Rainbow Farm Rd,Bentonville,AR,72716-0715,405-341-1313
6059,Walmart Grocery WHSE 6059,3801 E Us 50,Olney,IL,62450-4644,618-393-5900
6060,"Eastvale, CA Import Storage DC 6060",4250 Hamner Ave.,Eastvale,CA,91752-0000,602-386-4411
6060,Walmart DC 6060t-TAB,4250 Hamner Ave.,Eastvale,CA,91752-0000,602-386-4411
6060,"Eastvale, CA Import Storage DC 6060",4250 Hamner Ave.,Eastvale,CA,91752-0000,602-386-4411
6061,Walmart DC 6061r-regular,299 A.J. Riggs Road,Statesboro,GA,30458,912-764-6153
6061,Walmart DC 6061g-general,299 A.J. Riggs Road,Statesboro,GA,30458,912-764-6153
6061,Walmart DC 6061t-TAB,299 A.J. Riggs Road,Statesboro,GA,30458,912-764-6153
6061,Walmart DC 6061d-DSDC,299 A.J. Riggs Road,Statesboro,GA,30458,912-764-6153
6061,Walmart DC 6061j-jit,299 A.J. Riggs Road,Statesboro,GA,30458,912-764-6153
6061,Walmart DC 6061p-PAD,299 A.J. Riggs Road,Statesboro,GA,30458,912-764-6153
6061,Walmart DC 6061w-WPM,299 A.J. Riggs Road,Statesboro,GA,30458,912-764-6153
6061,Walmart DC 6061i-IMP ASM,299 A.J. Riggs Road,Statesboro,GA,30458,912-764-6153
6061,Walmart DC 6061a-ASM Dis,299 A.J. Riggs Road,Statesboro,GA,30458,912-764-6153
6062,Walmart WHSE 62 - Import,285 Frank Martin Rd,Shelbyville,TN,37160-0000,931-680-3462
6064,Regional Distribution Center 6064,3470 Windmill Rd,Cleburne,TX,76033-7746,817-202-3000
6065,Walmart Grocery WHSE 6065,5100 S Brookhart Dr Ste 100,Harrisonville,MO,64701-9303,816-887-5400
6066,Walmart DC 6066,690 Crenshaw Blvd,Hopkinsville,KY,42240-6824,270-707-5000
6066,Walmart DC 6066g-general,690 Crenshaw Blvd,Hopkinsville,KY,42240-6824,270-707-5000
6066,Walmart DC 6066t-TAB,690 Crenshaw Blvd,Hopkinsville,KY,42240-6824,270-707-5000
6066,Walmart DC 6066d-DSDC,690 Crenshaw Blvd,Hopkinsville,KY,42240-6824,270-707-5000
6066,Walmart DC 6066,690 Crenshaw Blvd,Hopkinsville,KY,42240-6824,270-707-5000
6066,Walmart DC 6066p-PAD,690 Crenshaw Blvd,Hopkinsville,KY,42240-6824,270-707-5000
6066,Walmart DC 6066w-WPM,690 Crenshaw Blvd,Hopkinsville,KY,42240-6824,270-707-5000
6066,Walmart DC 6066i-IMP ASM,690 Crenshaw Blvd,Hopkinsville,KY,42240-6824,270-707-5000
6066,Walmart DC 6066a-ASM Dis,690 Crenshaw Blvd,Hopkinsville,KY,42240-6824,270-707-5000
6068,Walmart DC 6068,2120 N. Sremmons Fwy,Sanger,TX,76266-0000,940-458-6100
6068,Walmart DC 6068g-general,2120 N. Sremmons Fwy,Sanger,TX,76266-0000,940-458-6100
6068,Walmart DC 6068t-TAB,2120 N. Sremmons Fwy,Sanger,TX,76266-0000,940-458-6100
6068,Walmart DC 6068d-DSDC,2120 N. Sremmons Fwy,Sanger,TX,76266-0000,940-458-6100
6068,Walmart DC 6068,2120 N. Sremmons Fwy,Sanger,TX,76266-0000,940-458-6100
6068,Walmart DC 6068p-PAD,2120 N. Sremmons Fwy,Sanger,TX,76266-0000,940-458-6100
6068,Walmart DC 6068w-WPM,2120 N. Sremmons Fwy,Sanger,TX,76266-0000,940-458-6100
6068,Walmart DC 6068i-IMP ASM,2120 N. Sremmons Fwy,Sanger,TX,76266-0000,940-458-6100
6068,Walmart DC 6068a-ASM Dis,2120 N. Sremmons Fwy,Sanger,TX,76266-0000,940-458-6100
6069,Walmart DC 6069d-DSDC,1100 Matlock Dr,Saint James,MO,65559-9026,573-265-4800
6069,Walmart DC 6069i-IMP ASM,1100 Matlock Dr,Saint James,MO,65559-9026,573-265-4800
6069,Walmart DC 6069a-ASM Dis,1100 Matlock Dr,Saint James,MO,65559-9026,573-265-4800
6069,Walmart DC 6069,1100 Matlock Dr,Saint James,MO,65559-9026,573-265-4800
6069,Walmart DC 6069g-general,1100 Matlock Dr,Saint James,MO,65559-9026,573-265-4800
6069,Walmart DC 6069t-TAB,1100 Matlock Dr,Saint James,MO,65559-9026,573-265-4800
6069,Walmart DC 6069p-PAD,1100 Matlock Dr,Saint James,MO,65559-9026,573-265-4800
6069,Walmart DC 6069w-WPM,1100 Matlock Dr,Saint James,MO,65559-9026,573-265-4800
6070,Shelby Nc Dps 6070,200 Wal Mart Dr,Shelby,NC,28150-3717,704-487-2531
6071,Walmart Grocery WHSE 6071,5600 State Road 544,Winter Haven,FL,33881-9519,863-298-1000
6072,Walmart Grocery WHSE 6072,973 State Highway 30 W,New Albany,MS,38652-8909,601-534-4711
6073,Walmart Grocery WHSE 6073,160 W Dove Sutton Rd,Pageland,SC,29728-1556,843-672-3000
6074,Walmart Grocery WHSE 6074,1729 State Rd 8,Auburn,IN,46706-9538,260-423-4200
6076,Regional Distribution Center 6076,"Royal Industrial Park Blvd U, Road 869 Km 1.5 Bo Palmas",Catano,PR,962,479-273-4000
6076,Regional Distribution Center 6076,"Royal Industrial Park Blvd U,
Road 869 Km 1.5 Bo Palmas",Catano,PR,962,479-273-4000
6077,Regional Distribution Center 6077,1309 Hwy 24 East,Moberly,MO,65270-9478,660-269-4300
6079,VDC - Imports Jewelry,1110 Se 10th St,Bentonville,AR,72712-6470,864-682-1501
6080,Tobyhanna Pa Dps 6080,100 Veterans Dr,Tobyhanna,PA,18466,570-894-6000
6082,Walmart Grocery WHSE 6082,3300 Sterlin Hurley Ind Hwy,Clarksville,AR,72830-1200,501-754-8100
6083,Walmart Grocery WHSE 6083,9605 Nw H K Dodgen Loop,Temple,TX,76504-2618,817-770-5544
6084,Walmart Grocery WHSE 6084,670 Los Morros Rd Nw,Los Lunas,NM,87031-4834,505-866-8600
6085,Walmart Grocery WHSE 6085,525 Industrial Ave,Tomah,WI,54660-1379,608-374-8500
6086,Regional Distribution Center 6086,3 Sorbello Way,Pedricktown,NJ,08067-0000,N/A
6087,Walmart WHSE 6087 Regular,"Road No. 869, Km. 1.5, Palmas Ward (Building U)",Catano,PR,00962-0000,787-788-8800
6087,Walmart WHSE 6087 Distribution,"Road No. 869, Km. 1.5, Palmas Ward (Building U)",Catano,PR,00962-0000,787-788-8800
6087,Walmart WHSE 6087 TABloid,"Road No. 869, Km. 1.5, Palmas Ward (Building U)",Catano,PR,00962-0000,787-788-8800
6087,Walmart Warehouse 6087,"Road No. 869, Km. 1.5, Palmas Ward (Building U)",Catano,PR,00962-0000,787-788-8800
6087,Walmart WHSE 6087 AiDCo Regular,"Road No. 869, Km. 1.5, Palmas Ward (Building U)",Catano,PR,00962-0000,787-788-8800
6087,Walmart WHSE 6087 AiDCo Distrib,"Road No. 869, Km. 1.5, Palmas Ward (Building U)",Catano,PR,00962-0000,787-788-8800
6087,Walmart WHSE 6087 WPM,"Road No. 869, Km. 1.5, Palmas Ward (Building U)",Catano,PR,00962-0000,787-788-8800
6088,"Williamsburg, Va Import Storage DC",9305 Pocahontas Trl,Williamsburg,VA,23185-6255,757-820-4600
6089,Regional Distribution Center 6089,555 Vista Blvd,Sparks,NV,89434-9662,650-825-8529
6090,Walmart Grocery WHSE 6090,5400 W Highway 83,Corinne,UT,84307-9702,435-744-4000
6091,Regional Distribution Center 6091,453 Martin Creek Road,Henderson,NC,27537-7178,252-430-5600
6092,Walmart Warehouse 6092,3100 Il Highway 89,Spring Valley,IL,61362-9133,815-664-1700
6092,Walmart DC 6092g-general,3100 Il Highway 89,Spring Valley,IL,61362-9133,815-664-1700
6092,Walmart DC 6092t-TAB,3100 Il Highway 89,Spring Valley,IL,61362-9133,815-664-1700
6092,Walmart DC 6092d-DSDC,3100 Il Highway 89,Spring Valley,IL,61362-9133,815-664-1700
6092,Walmart DC 6092p-PAD,3100 Il Highway 89,Spring Valley,IL,61362-9133,815-664-1700
6092,Walmart DC 6092w-WPM,3100 Il Highway 89,Spring Valley,IL,61362-9133,815-664-1700
6092,Walmart DC 6092i-IMP ASM,3100 Il Highway 89,Spring Valley,IL,61362-9133,815-664-1700
6092,Walmart DC 6092a-ASM Dis,3100 Il Highway 89,Spring Valley,IL,61362-9133,815-664-1700
6094,Walmart Warehouse 6094,5801 Sw Regional Airport Blvd,Bentonville,AR,72713-9431,479-254-3200
6094,Walmart DC 6094g-general,5801 Sw Regional Airport Blvd,Bentonville,AR,72713-9431,479-254-3200
6094,Walmart DC 6094t-TAB,5801 Sw Regional Airport Blvd,Bentonville,AR,72713-9431,479-254-3200
6094,Walmart DC 6094d-DSDC,5801 Sw Regional Airport Blvd,Bentonville,AR,72713-9431,479-254-3200
6094,Walmart Warehouse 6094,5801 Sw Regional Airport Blvd,Bentonville,AR,72713-9431,479-254-3200
6094,Walmart DC 6094p-PAD,5801 Sw Regional Airport Blvd,Bentonville,AR,72713-9431,479-254-3200
6094,Walmart DC 6094w-WPM,5801 Sw Regional Airport Blvd,Bentonville,AR,72713-9431,479-254-3200
6094,Walmart DC 6094i-IMP ASM,5801 Sw Regional Airport Blvd,Bentonville,AR,72713-9431,479-254-3200
6094,Walmart DC 6094a-ASM Dis,5801 Sw Regional Airport Blvd,Bentonville,AR,72713-9431,479-254-3200
6095,Walmart Grocery WHSE 6095,2701 Andrews Rd,Opelika,AL,36801-9543,334-705-2800
6096,Walmart Grocery WHSE 6096,300 Enterprise Road,Johnstown,NY,12095-3347,518-736-3000
6097,Walmart Grocery WHSE 6097,3701 West Hal Rogers Parkway,London,KY,40741-0000,606-878-7000
6099,Regional Distribution Center 6099,2686 Commerce Rd,Macclenny,FL,32063-8821,904-653-4000
6100,Ho Admin Dpt 6100,601 N Walton Blvd.,Bentonville,AR,72716-0000,479-277-4339
6101,Ho Admin Dpt 6101,311 North Walton Blvd,Bentonville,AR,72716-0001,479-204-3706
6102,Ho Admin Dpt 6102,601 N Walton Blvd.,Bentonville,AR,72716-0000,479-258-2568
6103,Ho Admin Dpt 6103,702 Sw 8th St,Bentonville,AR,72716-6209,479-277-8901
6104,Ho Admin Dpt 6104,601 N Walton Blvd.,Bentonville,AR,72716-0000,479-204-6833
6106,Ho Admin Dpt 6106,311 N Walton,Bentonville,AR,72716-0001,501-277-9910
6107,Ho Admin Dpt 6107,311 N Walton,Bentonville,AR,72716-0001,501-273-4000
6110,Ho Admin Dpt 6110,601 N Walton Blvd.,Bentonville,AR,72716-0000,479-277-8901
6113,"Wm Jewelry Rc,b'ville Ar 6113",1110 Se 10th St,Bentonville,AR,72712-6470,N/A
6114,Regional Distribution Center 6114,702 Sw 8th St,Bentonville,AR,72716-6209,479-273-4000
6115,Ho Admin Dpt 6115,2608 Se J St,Bentonville,AR,72716-3724,479-258-2568
6116,Log Indust Eng Reg/WPM 6116,601 N Walton Blvd.,Bentonville,AR,72716-0000,479-273-4611
6118,Regional Distribution Center 6118,601 N Walton Blvd.,Bentonville,AR,72716-0000,479-258-8384
6119,Ho Admin Dpt 6119,601 N Walton Blvd.,Bentonville,AR,72716-0000,479-277-8901
6121,Ho Admin Dpt 6121,702 Sw 8th St,Bentonville,AR,72716-6209,479-273-4252
6122,Ho Admin Dpt 6122,601 N Walton Blvd.,Bentonville,AR,72716-0000,479-273-4000
6124,7 Distribution Center # 6124,311 N Walton,Bentonville,AR,72716-0001,479-273-4000
6126,Ho Admin Dpt 6126,311 N Walton,Bentonville,AR,72716-0001,479-273-4000
6129,Ho Admin Dpt 6129,311 N Walton,Bentonville,AR,72716-0001,479-277-2698
6130,"Wm Jewelry Rc, Marlow Ok",1106 South Broadway,Marlow,OK,73055-0000,580-658-6320
6143,Ho Admin Dpt 6143,5805 Sw Regional Airport Blvd,Bentonville,AR,72716-0965,479-277-8901
6148,Ho Admin Dpt 6148,415 E Lies Rd,Carol Stream,IL,60188-9422,630-668-0106
6150,Ho Admin Dpt 6150,80 Micro Dr,Jonestown,PA,17038-8739,717-865-0800
6151,Ho Admin Dpt 6151,3820 Micro Dr,Millington,TN,38053-6215,901-873-7052
6152,Ho Admin Dpt 6152,12510 Micro Drive,Eastvale,CA,91752-0000,951-727-3300
6153,Ho Admin Dpt 6153,3510 E Francis St,Ontario,CA,91761-2927,951-727-3341
6154,"Ohl - Plainsfield, In 6154",1100 Whitaker Rd,Plainfield,IN,46168-7636,317-830-5300
6156,Test Center 6156 6156,326 Ballardvale St,Wilmington,MA,01887-1063,260-316-1419
6191,Ho Admin Dpt 6191,601 N Walton Blvd.,Bentonville,AR,72716-0000,479-277-4339
6192,Ho Admin Dpt 6192,601 N Walton Blvd.,Bentonville,AR,72716-0000,479-273-4000
6193,Ho Admin Dpt 6193,311 North Walton Blvd,Bentonville,AR,72716-0001,479-204-3706
6194,Ho Admin Dpt 6194,601 N Walton Blvd,Bentonville,AR,72716-0000,479-277-3651
6199,Electronic Repair - Texas 6199,5800 Sw Regional Airport Blvd,Bentonville,AR,72713-9431,479-273-4000
6280,Distribution Center 6280,9590 Allpoints Parkway,Plainfield,IN,46168-0000,317-406-8071
6285,Regional Distribution Center 6285,94-1420 Moaniani St,Waipahu,HI,96797-4632,808-678-6401
6292,Centerpoint 6292,2321 Industrial Way,Vineland,NJ,08360-0000,307-633-5000
6561,Automated Consolidation Center 6561,1600 Agua Mansa Road,Colton,CA,92324-0000,909-954-2305
6584,Dispatch Office 6584,1303 Sw Innovation Parkway,Topeka,KS,66619-0000,815-664-1801
6591,Dispatch Office 6591,3030 N Rock Rd,Wichita,KS,67226-1309,815-664-1801
6640,Irvington Al Fc - VS3989,8725 County Farm Road,Irvington,AL,36544-0000,251-957-4642
6701,Repair Shops 6701,5803 Sw Regional Airport Blvd,Bentonville,AR,72712-0635,479-254-3284
6703,Repair Shops 6703,3301 E Park and Blass Ave,Searcy,AR,72143-0000,501-268-9820
6704,Repair Shops 6704,1404 Se 5th St,Bentonville,AR,72712-0000,501-770-2221
6706,Repair Shops 6706,801 23rd St Sw,Cullman,AL,35055-6336,256-000-0000
6709,Repair Shops 6709,703 N Iris Rd,Mount Pleasant,IA,52641-3128,319-385-4290
6710,Repair Shops 6710,706 Bowens Mill Rd Sw,Douglas,GA,31533-3924,404-111-2222
6711,Repair Shops 6711,2196 Manufacturers Blvd Ne,Brookhaven,MS,39601-9561,601-835-3651
6712,Repair Shops 6712,3100 North I-27,Plainview,TX,79072-1951,915-111-2222
6715,Repair Shops 6715,1052 Vern Cora Rd,Laurens,SC,29360-0000,803-444-4444
6716,Repair Shops 6716,3900 N Ih 35,New Braunfels,TX,78130-2607,830-620-3358
6717,Repair Shops 6717,2100 1/2 E Tipton St,Seymour,IN,47274-3570,812-523-5698
6718,Repair Shops 6718,2103 S Main St,Searcy,AR,72143-9052,501-000-0000
6719,Repair Shops 6719,7500 E Crossroads Blvd,Loveland,CO,80538-8958,303-111-2222
6720,Repair Shops 6720,5050 Kettering Rd,Brooksville,FL,34602-8311,813-000-0000
6721,Repair Shops 6721,1300 S F St,Porterville,CA,93257-5969,559-000-0000
6722,Repair Shops 6722,1300 Southern Highway,Greencastle,IN,46135-0000,812-000-0000
6723,Repair Shops 6723,21500 Cox Rd,Sutherland,VA,23885-9464,804-000-0000
6724,Repair Shops 6724,3880 Southwest Blvd,Grove City,OH,43123-9071,614-000-0000
6725,Repair Shops 6725,6100 3m Dr,Menomonie,WI,54751-4930,715-000-0000
6726,Repair Shops 6726,10815 State Highway 99w,Red Bluff,CA,96080-7747,916-000-0000
6727,Repair Shops 6727,100 1/2 Walmart Dr,Woodland,PA,16881-0000,814-857-5442
6729,Repair Shops 6729,150 N Highway 91,Hurricane,UT,84737-3139,435-634-1090
6730,Repair Shops 6730,42 Freetown Rd,Raymond,NH,03077-2385,603-895-5780
6731,Repair Shops 6731,23701 W Southern Ave,Buckeye,AZ,85326-4928,623-386-0070
6735,Repair Shops 6735,3300 Hwy K 68,Ottawa,KS,66067-0000,785-111-2222
6736,Repair Shops 6736,14863 Fm 645 Unit C,Palestine,TX,75803-1220,903-538-4194
6737,Repair Shops 6737,1455 Se Feedville Rd,Hermiston,OR,97838-9402,541-564-4671
6738,Repair Shops 6738,8827 Old River Rd,Marcy,NY,13403-3030,315-768-0150
6739,Repair Shops 6739,1655 Pottertown Rd,Midway,TN,37809-3117,423-235-3381
6740,Repair Shops 6740,1057 Sand Hill Rd,Hope Mills,NC,28348-9467,910-426-5000
6743,Repair Shops 6743,488 Jonesville Rd,Coldwater,MI,49036-9679,517-279-3757
6748,Repair Shops 6748,3160 Highway 743,Opelousas,LA,70570-0577,337-594-1558
6749,Regional Distribution Center 6749,990 N 6550 W,Salt Lake City,UT,84116,801-999-3603
6751,Buckeye Az Fc - VS3995,23701 W Southern Ave,Buckeye,AZ,85326-4928,623-386-3319
6754,Repair Shops 6754,385 Callaway Church Rd,Lagrange,GA,30241-9391,706-242-4258
6760,Cullman Al Fc - VS4077,2200 7th Ave Sw,Cullman,AL,35055-6333,256-739-0763
6766,Repair Shops 6766,692 Crenshaw Blvd,Hopkinsville,KY,42240-6824,270-707-5084
6768,Repair Shops 6768,2110 N Stemmons St,Sanger,TX,76266-0000,501-000-0000
6769,Repair Shops 6769,1102 Matlock Dr,Saint James,MO,65559-9026,573-265-4884
6770,Repair Shops 6770,210 Wal Mart Dr,Shelby,NC,28150-3717,704-477-0122
6771,Repair Shops 6771,5600 State Road 544,Winter Haven,FL,33881-9519,N/A
6780,Repair Shops 6780,200 Veterans Dr,Tobyhanna,PA,18466-0000,570-629-1761
6792,Repair Shops 6792,3200 Il Highway 89,Spring Valley,IL,61362-9133,815-664-1830
6794,Repair Shops 6794,1105 Se 5th St,Bentonville,AR,72712-6100,501-277-6051
6797,Repair Shops 6797,3701 Russell Dyche Memorial Hwy,London,KY,40741-9334,N/A
6801,Dispatch Office 6801,5803 Sw Regional Airport Blvd,Bentonville,AR,72712-0635,479-254-3259
6802,Dispatch Office 6802,311 N Walton,Bentonville,AR,72716-0001,479-204-1137
6806,Dispatch Office 6806,801 23rd St Sw,Cullman,AL,35055-6336,256-737-3171
6809,Dispatch Office 6809,703 N Iris Rd,Mount Pleasant,IA,52641-3128,319-385-5685
6810,Dispatch Office 6810,706 Bowens Mill Rd Sw,Douglas,GA,31533-3924,912-384-0390
6811,Dispatch Office 6811,2196 Manufacturers Blvd Ne,Brookhaven,MS,39601-9561,601-835-3645
6812,Dispatch Office 6812,3100 North I-27,Plainview,TX,79072-1951,806-293-9601
6815,Dispatch Office 6815,1052 Vern Cora Rd,Laurens,SC,29360-0000,864-683-3144
6816,Dispatch Office 6816,3900 N Ih 35,New Braunfels,TX,78130-2607,830-620-3344
6817,Dispatch Office 6817,2100 E Tipton St,Seymour,IN,47274-3570,812-523-5685
6818,Dispatch Office 6818,405 E Booth Rd,Searcy,AR,72143-6700,501-279-2024
6819,Dispatch Office 6819,7500 E Crossroads Blvd,Loveland,CO,80538-8958,303-679-4750
6820,Dispatch Office 6820,5100 Kettering Rd. Suite 202,Brooksville,FL,34602-8311,352-544-4980
6821,Dispatch Office 6821,1300 S F St,Porterville,CA,93257-5969,559-783-1109
6822,Dispatch Office 6822,1300 Southern Hwy,Greencastle,IN,46135-0000,765-658-2081
6823,Dispatch Office 6823,21500 Cox Rd,Sutherland,VA,23885-9464,804-862-9104
6824,Dispatch Office 6824,3880 Southwest Blvd,Grove City,OH,43123-9071,614-871-7080
6825,Dispatch Office 6825,6100 3m Dr,Menomonie,WI,54751-4930,715-232-9240
6826,Dispatch Office 6826,10817 State Highway 99w,Red Bluff,CA,96080-7747,530-529-8482
6827,Dispatch Office 6827,300 Walmart Drive Sc Rt 970,Woodland,PA,16881-0000,479-273-4000
6829,Dispatch Office 6829,152 N Highway 91,Hurricane,UT,84737-0000,435-634-1090
6830,Dispatch Office 6830,42 Freetown Rd,Raymond,NH,03077-2385,912-383-4060
6831,Dispatch Office 6831,23701 W Southern Ave,Buckeye,AZ,85326-4928,623-386-3319
6833,Regional Distribution Center 6833,210 Interstate South Dr,Mcdonough,GA,30253-9018,951-360-4900
6835,Dispatch Office 6835,3300 Highway K 68,Ottawa,KS,66067-8804,785-229-3082
6836,Dispatch Office 6836,14863 Fm 645 Unit D,Palestine,TX,75803-1220,903-538-4194
6837,Dispatch Office 6837,1455 Se Feedville Rd,Hermiston,OR,97838-9402,541-564-4681
6838,Dispatch Office 6838,8827 Old River Rd,Marcy,NY,13403-3030,315-768-0150
6839,Dispatch Office 6839,1655 Pottertown Rd,Midway,TN,37809-3117,423-235-3380
6840,Dispatch Office 6840,1057 Sand Hill Rd,Hope Mills,NC,28348-9467,910-426-5081
6841,Dispatch Office 6841,"Rr2, Box 362 D",Sharon Springs,NY,13459-0000,518-284-1025
6842,Dispatch Office 6842,20634 Indian Meridian Rd,Pauls Valley,OK,73075-9598,405-207-5000
6843,Dispatch Office 6843,500 Jonesville Rd,Coldwater,MI,49036-9648,517-279-3764
6844,Dispatch Office 6844,502 N. Broadway,La Porte,TX,75007-0000,281-867-2612
6847,Dispatch Office 6847,181 Walmart Rd,Bedford,PA,15522-7677,814-624-5200
6848,Dispatch Office 6848,3160 Highway 743,Opelousas,LA,70570-0577,337-594-1560
6854,Dispatch Office 6854,385 Callaway Church Rd,Lagrange,GA,30241-9391,706-242-4260
6855,Dispatch Office 6855,655 Unisia Dr.,Monroe,GA,30655-5378,471-404-0000
6856,Dispatch Office 6856,591 Apache Trl,Terrell,TX,75160-6572,972-551-5429
6857,Dispatch Office 6857,45346 Parkway Blvd,Robert,LA,70455-2221,985-902-3028
6858,Regional Distribution Center 6858,2837 Senator Ralph Scott Parkway,Mebane,NC,27302-0000,919-568-4055
6859,Dispatch Office 6859,3801 E Us 50,Olney,IL,62450-4644,618-393-5902
6862,Dispatch Office 6862,285 Frank Martin Rd,Shelbyville,TN,37160-7146,931-680-3408
6864,Dispatch Office 6864,1602 Sparks Dr,Cleburne,TX,76033-7752,817-202-3001
6865,Dispatch Office 6865,5100 S Brookhart Dr Ste 100,Harrisonville,MO,64701-9303,816-887-5400
6866,Dispatch Office 6866,690 Crenshaw Blvd,Hopkinsville,KY,42240-6824,270-707-5051
6868,Dispatch Office 6868,2120 N Stemmons St,Sanger,TX,76266-3248,940-458-6151
6869,Dispatch Office 6869,1100 Matlock Dr,Saint James,MO,65559-9026,573-265-4892
6870,Dispatch Office 6870,200 Wal Mart Dr,Shelby,NC,28150-3717,704-487-2551
6871,Dispatch Office 6871,5600 State Rd 544,Winter Haven,FL,33881-9518,843-672-9090
6872,Dispatch Office 6872,973 State Highway 30 W,New Albany,MS,38652-8909,662-538-4000
6873,Dispatch Office 6873,Hwy 601/100 W Dove,Pageland,SC,29728-0000,803-672-9057
6874,Dispatch Office 6874,1729 State Road 8,Auburn,IN,46706-9538,260-423-4200
6877,Dispatch Office 6877,1309 E Hwy 24,Moberly,MO,65270-3682,479-277-6797
6880,Dispatch Office 6880,100 Veterans Dr,Tobyhanna,PA,18466-8900,570-894-6025
6882,Dispatch Office 6882,3300 Sterlin Hurley Ind Hwy,Clarksville,AR,72830-1200,501-754-4500
6883,Dispatch Office 6883,9605 Nw H K Dodgen Loop,Temple,TX,76504-2618,817-770-3600
6884,Dispatch Office 6884,670 Los Morros Rd Nw,Los Lunas,NM,87031-4834,505-866-8600
6885,Dispatch Office 6885,525 Industrial Ave,Tomah,WI,54660-1379,608-374-8548
6888,Ho Admin Dpt 6888,311 North Walton Blvd,Bentonville,AR,72716-0650,479-204-3706
6889,Dispatch Office 6889,4775 Forcum Ave.,Mcclellan Park,CA,95652-2030,916-518-2500
6890,Dispatch Office 6890,5400 W Highway 83,Corinne,UT,84307-9702,435-744-4002
6891,Dispatch Office 6891,453 Martin Creek Rd,Henderson,NC,27537-7178,252-430-5600
6892,Dispatch Office 6892,3100 Il Highway 89,Spring Valley,IL,61362-9133,815-664-1801
6895,Dispatch Office 6895,2701 Andrews Rd,Opelika,AL,36801-9543,334-705-2800
6896,Dispatch Office 6896,300 Enterprise Rd,Johnstown,NY,12095-3345,518-736-3058
6897,Dispatch Office 6897,3701 West Hal Rogers Parkway,London,KY,40741-0000,606-877-4000
6899,Dispatch Office 6899,2686 Commerce Rd,Macclenny,FL,32063-8821,904-653-4058
6901,Centerpoint 6901,509 Se Martin Luther King Jr P,Bentonville,AR,72716-0001,479-254-4754
6903,Centerpoint 6903,830 E Centre Park Blvd,Desoto,TX,75115-2500,972-228-9125
6904,Dispatch Office 6904,830 E Centre Park Blvd,Desoto,TX,75115-2500,479-273-4000
6906,Imports Dray Alabama 6906,8725 County Farm Road.,Irvington,AL,36544-0000,256-737-3134
6906,Regional Distribution Center 6906,8725 County Farm Road.,Irvington,AL,36544-0000,N/A
6906,Regional Distribution Center 6906,8725 County Farm Road.,Irvington,AL,36544-0000,N/A
6907,Centerpoint 6907,2063 Miguel Bustamante Parkway,Colton,CA,92324-4404,909-872-6060
6909,Centerpoint 6909,3485 Wineville Rd,Jurupa Valley,CA,91752-1003,951-681-6455
6911,Regional Distribution Center 6911,100 Quality Cir,Harrisburg,PA,17112-9496,650-825-8529
6912,Centerpoint 6912,600 Live Oak Ave,Irwindale,CA,91706-1344,626-359-4500
6915,Centerpoint 6915,1052 Vern Cora Rd,Laurens,SC,29360-0000,864-682-1488
6918,Distribution Center 6918,8803 Zell Miller Pkwy,Statesboro,GA,30458,912-871-4000
6918,Regional Distribution Center 6918,8803 Zell Miller Pkwy,Statesboro,GA,30458-3225,912-871-4000
6938,Automated Consolidation Center 6938,830 E Centre Park Blvd,Desoto,TX,75115-2500,972-228-3585
6955,"E-commerce Fc Plainfield, In 6955",9360 Allpoints Pkwy,Plainfield,IN,46168-5907,479-277-6154
6956,Centerpoint 6956,5210 Catron Dr,Dallas,TX,75227-2024,214-381-2653
6974,Centerpoint 6974,6765 Imron Dr,Belvidere,IL,61008-8586,815-547-5447
6991,Distribution Center 6991,201 Old Elkhart Road,Palestine,TX,75801-5931,N/A
6992,"Williamsburg, VA FC - VS6775",9305 Pocahontas Trl,Williamsburg,VA,23185-6255,757-820-4600
6993,Distribution Center 6993,1050 Vern Cora Road,Laurens,SC,29360-5346,N/A
6995,Distribution Center 6995,333 S Warren Dr,Greencastle,IN,46135-7573,N/A
Walmart Receiving DCs for Store Numbers 7005-7998,,,,,,
7005,Regional Distribution Center 7005,3101 N Highway 27,Carrolton,GA,30117-6887,678-305-2400
7006,Dfw1s Fort Worth Fc 7006 - WHSE 700,5300 Westport Parkway,Fort Worth,TX,76177-0000,817-490-7453
7010,Regional Distribution Center 7010,20131 Gene Campbell Rd,New Caney,TX,77357-3845,281-429-5400
7012,Regional Distribution Center 7012,1400 Old Chillicothe Rd Se,Washington Court House,OH,43160-9305,740-636-5401
7013,Regional Distribution Center 7013,868 W Peters Rd,Casa Grande,AZ,85193-7478,520-836-4500
7014,Regional Distribution Center 7014,239 Goddard Rd,Lewiston,ME,04240-1001,207-344-2700
7015,Regional Distribution Center 7015,397319 W 3000 Rd,Ochelata,OK,74051-2478,918-535-3100
7016,Regional Distribution Center 7016,10695 Freedom Trl,Gordonsville,VA,22942-6940,540-832-1001
7017,Regional Distribution Center 7017,843 State Route 43,Wintersville,OH,43952-7018,740-765-5700
7018,Regional Distribution Center 7018,3001 E State Farm Rd,North Platte,NE,69101-7774,308-535-3200
7019,Regional Distribution Center 7019,1005 Sara G Lott Blvd,Brundidge,AL,36010-4653,334-735-6000
7021,Regional Distribution Center 7021,546 Woodall Rd,Grandview,WA,98930-8824,509-882-8100
7023,Regional Distribution Center 7023,6785 Sw Enterprize Blvd,Arcadia,FL,34269-6701,863-491-6500
7024,Regional Distribution Center 7024,23769 Mathew Rd,Sterling,IL,61081-9111,815-632-4900
7026,Walmart DC 7026,945 Hwy 138,Grantsville,UT,84029,435-884-5100
7026,Walmart DC 7026g-general,945 Hwy 138,Grantsville,UT,84029,435-884-5100
7026,Walmart DC 7026t-TAB,945 Hwy 138,Grantsville,UT,84029,435-884-5100
7026,Walmart DC 7026d-DSDC,945 Hwy 138,Grantsville,UT,84029,435-884-5100
7026,Walmart DC 7026,945 Hwy 138,Grantsville,UT,84029,435-884-5100
7026,Walmart DC 7026p-PAD,945 Hwy 138,Grantsville,UT,84029,435-884-5100
7026,Walmart DC 7026w-WPM,945 Hwy 138,Grantsville,UT,84029,435-884-5100
7026,Walmart DC 7026i-IMP ASM,945 Hwy 138,Grantsville,UT,84029,435-884-5100
7026,Walmart DC 7026a-ASM Dis,945 Hwy 138,Grantsville,UT,84029,435-884-5100
7030,Regional Distribution Center 7030,390 Highridge Park Rd,Pottsville,PA,17901-8100,570-544-1398
7031,Laurens Apparel WHSE 7031,1052 Vern Cora Rd,Laurens,SC,29360-0000,864-683-3307
7033,Apple Valley CA Dps 7033,21101 Johnson Rd,Apple Valley,CA,92307-9357,760-961-6300
7034,Walmart DC 7034,4880 Wheatleys Pond Road,Smyrna,DE,19977-3799,302-659-4800
7035,Alachua Fl Dps 7035,18815 Nw 115th Ave,Alachua,FL,32615-6056,386-418-5900
7036,Walmart DC 7036,2226 Fm 3013 Rd,Sealy,TX,77474,979-885-4300
7036,Walmart DC 7036,2226 Fm 3013 Rd,Sealy,TX,77474,979-885-4300
7036,Walmart DC 7036t-TAB,2226 Fm 3013 Rd,Sealy,TX,77474,979-885-4300
7036,Walmart DC 7036d-DSDC,2226 Fm 3013 Rd,Sealy,TX,77474,979-885-4300
7036,Walmart DC 7036,2226 Fm 3013 Rd,Sealy,TX,77474,979-885-4300
7036,Walmart DC 7036p-PAD,2226 Fm 3013 Rd,Sealy,TX,77474,979-885-4300
7036,Walmart DC 7036w-WPM,2226 Fm 3013 Rd,Sealy,TX,77474,979-885-4300
7036,Walmart DC 7036i-IMP ASM,2226 Fm 3013 Rd,Sealy,TX,77474,979-885-4300
7036,Walmart DC 7036a-ASM Dis,2226 Fm 3013 Rd,Sealy,TX,77474,979-885-4300
7037,Regional Distribution Center 7037,120 Velocity Way,Shepherdsville,KY,40165-0000,N/A
7038,Walmart Warehouse 7038,4001 S Jenkins Rd,Fort Pierce,FL,34981-4620,772-467-4500
7038,Walmart DC 7038g-general,4001 S Jenkins Rd,Fort Pierce,FL,34981-4620,772-467-4500
7038,Walmart DC 7038t-TAB,4001 S Jenkins Rd,Fort Pierce,FL,34981-4620,772-467-4500
7038,Walmart DC 7038d-DSDC,4001 S Jenkins Rd,Fort Pierce,FL,34981-4620,772-467-4500
7038,Walmart DC 7038p-PAD,4001 S Jenkins Rd,Fort Pierce,FL,34981-4620,772-467-4500
7038,Walmart DC 7038w-WPM,4001 S Jenkins Rd,Fort Pierce,FL,34981-4620,772-467-4500
7038,Walmart DC 7038i-IMP ASM,4001 S Jenkins Rd,Fort Pierce,FL,34981-4620,772-467-4500
7038,Walmart DC 7038a-ASM Dis,4001 S Jenkins Rd,Fort Pierce,FL,34981-4620,772-467-4500
7039,Walmart DC 7039,115 Distribution Way,Beaver Dam,WI,53916-8809,920-689-2000
7039,Walmart DC 7039g-general,115 Distribution Way,Beaver Dam,WI,53916-8809,920-689-2000
7039,Walmart DC 7039t-TAB,115 Distribution Way,Beaver Dam,WI,53916-8809,920-689-2000
7039,Walmart DC 7039d-DSDC,115 Distribution Way,Beaver Dam,WI,53916-8809,920-689-2000
7039,Walmart DC 7039p-PAD,115 Distribution Way,Beaver Dam,WI,53916-8809,920-689-2000
7039,Walmart DC 7039w-WPM,115 Distribution Way,Beaver Dam,WI,53916-8809,920-689-2000
7039,Walmart DC 7039i-IMP ASM,115 Distribution Way,Beaver Dam,WI,53916-8809,920-689-2000
7039,Walmart DC 7039a-ASM Dis,115 Distribution Way,Beaver Dam,WI,53916-8809,920-689-2000
7040,Greencastle Warehouse 7040,1530 E State Road 240,Greencastle,IN,46135-7672,765-653-1234
7041,Tobyhanna Pa Fc - VS2624,200 Veterans Dr,Tobyhanna,PA,18466-0000,570-894-6000
7042,"Baytown, TX Import Storage DC 7042",4554 Oscar Nelson Jr Dr,Baytown,TX,77523-2072,281-573-2009
7045,Walmart DC 7045,6000 Walton Way,Mount Crawford,VA,22841-2029,540-801-3100
7045,Walmart DC 7045g-general,6000 Walton Way,Mount Crawford,VA,22841-2029,540-801-3100
7045,Walmart DC 7045t-TAB,6000 Walton Way,Mount Crawford,VA,22841-2029,540-801-3100
7045,Walmart DC 7045d-DSDC,6000 Walton Way,Mount Crawford,VA,22841-2029,540-801-3100
7045,Walmart DC 7045,6000 Walton Way,Mount Crawford,VA,22841-2029,540-801-3100
7045,Walmart DC 7045p-PAD,6000 Walton Way,Mount Crawford,VA,22841-2029,540-801-3100
7045,Walmart DC 7045w-WPM,6000 Walton Way,Mount Crawford,VA,22841-2029,540-801-3100
7045,Walmart DC 7045i-IMP ASM,6000 Walton Way,Mount Crawford,VA,22841-2029,540-801-3100
7045,Walmart DC 7045a-ASM Dis,6000 Walton Way,Mount Crawford,VA,22841-2029,540-801-3100
7047,Regional Distribution Center 7047,13550-a Valley Blvd,Fontana,CA,92335-5243,909-829-6486
7048,Regional Distribution Center 7048,2155 Usa Pkwy,Sparks,NV,89437-5603,775-356-5000
7049,Lax2n Chino Fc 7049 WHSE,6720 Kimball Ave,Chino,CA,91708-0000,909-606-2137
7052,Regional Distribution Center 7052,8827 Old River Rd,Marcy,NY,13403-3030,N/A
7052,Walmart DC 7052,8827 Old River Rd,Marcy,NY,13403,N/A
7054,Regional Distribution Center 7054,2525 Rohr Rd,Lockbourne,OH,43137-0000,614-409-5500
7055,Regional Distribution Center 7055,100 Fisher Pkwy,Gas City,IN,46933-2165,765-677-7000
7057,Walmart DC# 7057,101 S King St,Gloucester City,NJ,08030-1947,N/A
7058,Virtual DC 7058,5011 Firestone Place,South Gate,CA,90280-0000,N/A
7059,Virtual DC 7059,8905 Spikewood,Houston,TX,77078-0000,N/A
7063,Virtual DC 7063,3025 Bromay Road,Chesapeake,VA,23321-0000,N/A
7065,Virtual DC 7065,163 Portside Court,Savannah,GA,31407-0000,N/A
7066,Virtual DC 7066,400 Long Point Rd Bldg 402,Mount Pleasant,SC,29464-8299,N/A
7067,Regional Distribution Center 7067,8725 County Farm Road,Irvington,AL,36544-0000,251-957-4642
7073,Distribution Center 7073,7073 Tba,Merced Cen Tracy,CA,95340-0000,N/A
7074,Elwood - Warehouse 7074,26537 S Walton Dr,Elwood,IL,60421-6174,815-424-3100
7076,Walmart Virtual DC 7076,153-66 Rockaway Boulevard,Jamaica,NY,11434,N/A
7077,Regional Distribution Center 7077,426 Logistics Dr,Cheyenne,WY,82009-8220,307-633-5000
7078,"Elwood, Il Import Storage DC 7078",26453 S Walton Dr,Elwood,IL,60421-6112,815-424-3100
7079,Regional Distribution Center 7079,101 Sohler Dr,Mankato,MN,56001-1855,507-334-7100
7080,"VDC - El Wood, Il 7080",26453 S Walton Dr,Elwood,IL,60421-6112,479-273-4000
7081,Walmart Virtual DC 7081,"2525 Rohr Road, Dock Door 3",Lockbourne,OH,43137-0000,N/A
7084,Regional Distribution Center 7084,1001 Columbia Ave.,Riverside,CA,92507-0000,951-320-5700
7085,Walmart DC 7085,4570 E Greenwood St,Baytown,TX,77523-2072,281-573-2047
7086,Walmart DC 7086,163 Portside Ct,Savannah,GA,31407-3003,912-871-8699
7088,Walmart DC 7088,4601 Carey Street,Fort Worth,TX,76119-0000,214-604-8013
7089,Walmart DC 7089,5011 Firestone Pl,South Gate,CA,90280-3533,323-568-2577
7090,Beaver Dam,117 Distribution Way,Beaver Dam,WI,53916-8809,479-273-4000
7092,Walmart DC 7092,3418 142nd Ave E,Sumner,WA,98390-9601,253-826-0900
7093,Walmart DC 7093,3025 Gum Ct,Chesapeake,VA,23321-1546,757-638-5934
7094,Walmart DC 7094,26537 S Walton Dr,Elwood,IL,60421-6174,815-424-3100
7095,Colton CA Fresh 7095,2063 West Miguel Bustamante Parkway,Colton,CA,92324-0000,909-498-2054
7097,Regional Distribution Center 7097,51 Kipper St,Rio Rico,AZ,85648-6236,520-761-6800
7100,Centerpoint 7100,1340 141st St,Hammond,IN,46327-3107,219-853-1164
7101,Centerpoint 7101,1200 Mason Dixon Ln,Conley,GA,30288-1135,404-946-7244
7110,Brookhaven Ms Fc - VS4079,2200 Manufacturers Blvd Ne,Brookhaven,MS,39601-9560,601-835-3600
7112,Plainview TX Fc - VS4090,3100 North I-27,Plainview,TX,79072-1951,806-293-9601
7113,Seymour In Fc - VS4117,2100 E Tipton St,Seymour,IN,47274-3570,812-523-5600
7114,Grove City Oh Fc - VS4119,3880 Southwest Blvd,Grove City,OH,43123-9071,614-781-2333
7116,Shelby Nc Fc - VS4122,200 Wal Mart Dr,Shelby,NC,28150-3717,715-232-9240
7118,Searcy Ar Fc - VS4136,405 E Booth Rd,Searcy,AR,72143-6700,479-279-2024
7120,Raymond Nh Fc - VS4150,42 Freetown Rd,Raymond,NH,03077-2385,603-895-0066
7121,Ottawa Ks Fc - VS4155,3220 Nevada Ter,Ottawa,KS,66067-8410,785-242-4555
7122,Hermiston Or Fc - VS4175,1455 Se Feedville Rd,Hermiston,OR,97838-9402,415-644-6005
7123,Dispatch Office 7123,1065 Fort Prince Blvd,Wellford,SC,29385-9756,864-336-6610
7125,Hope Mills Nc Fc - VS4179,1057 Sand Hill Rd,Hope Mills,NC,28348-9467,910-426-5000
7126,Coldwater Mi Fc - VS4181,500 Jonesville Rd,Coldwater,MI,49036-9648,517-279-3700
7131,Opelousas La Fc - VS4308,3160 Highway 743,Opelousas,LA,70570-0577,337-594-1500
7132,Sanger TX Fc - VS5004,2120 N Stemmons St,Sanger,TX,76266-3248,940-458-6100
7135,Dispatch Office 7135,451 Fm 686,Dayton,TX,77535-6378,979-885-4351
7136,St James Mo Fc - VS5009,1100 Matlock Dr,Saint James,MO,65559-9026,573-265-4800
7142,Spring Valley Il Fc - VS5061,3100 Il Highway 89,Spring Valley,IL,61362-9133,815-664-1700
7144,Bentonville Ar Fc - VS5176,5801 Sw Regional Airport Blvd,Bentonville,AR,72713-9431,479-254-3200
7145,Grantsville Ut Fc - VS5271,929 Highway 138,Grantsville,UT,84029-9711,435-884-5100
7148,Apple Valley CA Fc - VS6209,21101 Johnson Rd,Apple Valley,CA,92307-9357,760-961-6300
7149,Smyrna De Fc - VS6340,100 Walton Way,Smyrna,DE,19977-3757,302-659-4800
7150,Ft Pierce Fl Fc - VS6555,4001 S Jenkins Rd,Fort Pierce,FL,34981-4620,772-467-4500
7152,Store 7152,9590 Allpoints Pkwy,Plainfield,IN,46168-5902,N/A
7159,Fulfillment Svcs 7159,1300 S F St,Porterville,CA,93257-5969,559-783-1109
7160,Fulfillment Svcs 7160,1501 E Mapleleaf Dr,Mount Pleasant,IA,52641-3106,319-385-5600
7161,Fulfillment Svcs 7161,10815 State Highway 99w,Red Bluff,CA,96080-7747,530-529-0916
7163,Fulfillment Svcs 7163,100 Walmart Dr,Woodland,PA,16881-9300,814-857-5442
7165,Fulfillment Svcs 7165,200 Veterans Dr,Tobyhanna,PA,18466-0000,570-894-6000
7167,Fulfillment Svcs 7167,8725 County Farm Road,Irvington,AL,36544-0000,251-957-4642
7170,Fulfillment Svcs 7170,18815 Nw 115th Ave,Alachua,FL,32615-6056,386-418-5900
7182,Fulfillment Svcs 7182,152 N Hwy 91,Hurricane,UT,84737-0000,435-634-1090
7183,Centerpoint 7183,14900 Andrews Road,Kansas City,MO,64147-1210,816-974-9424
7184,Centerpoint 7184,4200 Westward Ave,Columbus,OH,43228-0000,614-876-7850
7186,Walmart Sacramento Dispatch Virtual DC,4775 Forcum Ave,Mcclellan Park,CA,95652-2030,530-529-8480
7193,Fulfillment Svcs 7193,180 High St,Sharon Springs,NY,13459-9510,518-284-5582
7208,Fulfillment Svcs 7208,5800 Sw Regional Airport Blvd,Bentonville,AR,72712-0000,479-254-3201
7210,Fulfillment Svcs 7210,299 A.J. Riggs Rd,Statesboro,GA,30458-0000,912-871-4000
7212,Fulfillment Svcs 7212,9305 Pocahontas Trl,Williamsburg,VA,23185-6255,757-820-4600
7213,Fulfillment Svcs 7213,23701 W Southern Ave,Buckeye,AZ,85326-4928,623-386-3319
7231,Fulfillment Svcs 7231,2200 7th Ave Sw,Cullman,AL,35055-6333,256-739-0763
7244,Fulfillment Svcs 7244,2200 Manufacturers Blvd Ne,Brookhaven,MS,39601-9560,601-835-3600
7250,Fulfillment Svcs 7250,3100 North I-27,Plainview,TX,79072-1951,806-293-9601
7257,Fulfillment Svcs 7257,2100 E Tipton St,Seymour,IN,47274-3570,812-523-5600
7273,Fulfillment Svcs 7273,3880 Southwest Blvd,Grove City,OH,43123-9071,614-871-2333
7274,Fulfillment Svcs 7274,9360 Allpoints Pkwy,Plainfield,IN,46168-5907,800-331-0085
7275,Fulfillment Svcs 7275,200 Wal Mart Dr,Shelby,NC,28150-3717,715-232-9240
7282,Fulfillment Svcs 7282,405 E Booth Rd,Searcy,AR,72143-6700,479-279-2024
7284,Fulfillment Svcs 7284,42 Freetown Rd,Raymond,NH,03077-2385,603-895-0066
7292,Fulfillment Svcs 7292,3220 Nevada Ter,Ottawa,KS,66067-8410,785-242-4555
7293,Fulfillment Svcs 7293,1455 Se Feedville Rd,Hermiston,OR,97838-9402,541-564-4600
7295,Fulfillment Svcs 7295,1057 Sand Hill Rd,Hope Mills,NC,28348-9467,940-426-5000
7300,Fulfillment Svcs 7300,500 Jonesville Rd,Coldwater,MI,49036-9648,517-279-3700
7305,Fulfillment Svcs 7305,3160 Highway 743,Opelousas,LA,70570-0577,337-594-1500
7306,Fulfillment Svcs 7306,2120 N Stemmons St,Sanger,TX,76266-3248,940-458-6100
7316,Fulfillment Svcs 7316,1100 Matlock Dr,Saint James,MO,65559-9026,573-265-4800
7318,Fulfillment Svcs 7318,3100 Il Highway 89,Spring Valley,IL,61362-9133,815-664-1700
7322,Fulfillment Svcs 7322,5801 Sw Regional Airport Blvd,Bentonville,AR,72713-9431,479-254-3200
7330,Fulfillment Svcs 7330,929 Highway 138,Grantsville,UT,84029-9711,435-884-5100
7331,Fulfillment Svcs 7331,21101 Johnson Rd,Apple Valley,CA,92307-9357,760-961-6300
7332,Fulfillment Svcs 7332,100 Walton Way,Smyrna,DE,19977-3757,302-659-4800
7333,Fulfillment Svcs 7333,4001 S Jenkins Rd,Fort Pierce,FL,34981-4620,772-467-4500
7335,Fulfillment Svcs 7335,1528 East State Road 240,Greencastle,IN,46135-7573,765-653-1234
7336,Fulfillment Svcs 7336,4554 Oscar Nelson Jr Dr,Baytown,TX,77523-2072,281-573-2009
7343,Fulfillment Svcs 7343,11900 Riverside Drive,Jurupa Valley,CA,91752-0000,951-360-4940
7344,Fulfillment Svcs 7344,26453 S Walton Dr,Elwood,IL,60421-6112,815-424-3100
7348,Fulfillment Svcs 7348,690 Crenshaw Blvd,Hopkinsville,KY,42240-6824,270-707-5000
7350,Fulfillment Svcs 7350,1659 Pottertown Rd,Midway,TN,37809-0000,423-235-2300
7351,Fulfillment Svcs 7351,3162 Fm 3538 Rd,Sealy,TX,77474-3474,979-885-4300
7353,Fulfillment Svcs 7353,115 Distribution Way,Beaver Dam,WI,53916-8809,920-689-2000
7356,Walmart DC 7356,3215 Commerce Center Blvd,Bethlehem,PA,18015-0000,484-635-3123
7359,Fulfillment Svcs 7359,6000 Walton Way,Mount Crawford,VA,22841-2029,540-801-3100
7363,Fulfillment Svcs 7363,7500 E Crossroads Blvd,Loveland,CO,80538-8958,970-663-7870
7367,Fulfillment Svcs 7367,8827 Old River Rd,Marcy,NY,13403-3030,315-768-0150
7371,Eastvale CA Fc - VS6060,4250 Hamner Ave.,Eastvale,CA,91752-0000,951-360-5000
7373,Fulfillment Svcs 7373,4250 Hamner Ave.,Eastvale,CA,91752-0000,951-360-5000
7377,Automated Consolidation Center 7377,1625 Heilmandale Road,Lebanon,PA,17046-1410,717-675-5180
7380,Fulfillment Svcs 7380,1410 United Dr,Shippensburg,PA,17257-9552,717-913-6100
7381,Fulfillment Svcs 7381,1915 Ebberts Spring Ct,Greencastle,PA,17225-3302,717-895-6560
7382,Fulfillment Svcs 7382,2500 E Belt Line Rd,Lancaster,TX,75146-3603,214-647-9012
7422,Distribution Center 7422,2785 Commerce Center Blvd,Bethlehem,PA,18015-0000,610-317-7330
7440,Fulfillment Svcs 7440,1303 Sw Innovation Parkway,Topeka,KS,66619-0000,785-217-2701
7441,Regional Distribution Center 7441,3501 Brandon Rd,Jolie,IL,60436-1249,815-860-6648
7460,Ind2 Plainfield In Sort Fc - VS7385,9360 Allpoints Pkwy,Plainfield,IN,46168-5907,N/A
7463,Lax2 Chino CA Sort Fc - VS7386,6720 Kimball Ave,Chino,CA,91708-0000,909-606-2137
7464,Mco2 Davenport Fl Sort Fc - VS7388,4900 N Ridge Trl,Davenport,FL,33897-6401,863-256-1649
7474,Walmart Store 7474,5100 Kettering Rd,Brooksville,FL,34602-8311,479-277-9890
7475,Regional Distribution Center 7475,900 Kriner Rd,Chambersburg,PA,17202-7741,717-709-0225
7477,Dfw2 Fort Worth TX Sort Fc - VS7395,15101 N Beach St,Fort Worth,TX,76177-2721,817-837-3210
7480,Distribution Center 7480,"Road No. 869, Km. 1.5, Palmas Ward (Building U)",Catano,PR,00962-0000,787-788-8800
7483,Distribution Center 7483,Cabo Caribe Industrial Park,Vega Baja,PR,00693-0000,787-793-6900
7498,Phl2 Bethlehem Pa Sort Fc - VS7401,2785 Commerce Center Blvd,Bethlehem,PA,18015-0000,610-317-7330
7502,Atl2 Carrolton Ga Sort Fc - VS7402,3101 N Highway 27,Carrolton,GA,30117-6887,678-305-2400
7504,Atl3 Pendergrass Ga Sort Fc - VS7454,117 Valentine Industrial Parkway Extension,Pendergrass,GA,30567-0000,N/A
7505,Cvg1 Monroe Oh Sort Fc - VS7458,650 Gateway Blvd,Monroe,OH,45050-0000,937-285-1005
7520,Fulfillment Svcs 7520,9360 Allpoints Pkwy,Plainfield,IN,46168-5907,317-754-3563
7530,Fulfillment Svcs 7530,6720 Kimball Ave,Chino,CA,91708-0000,909-606-2137
7544,Fulfillment Svcs 7544,4900 N Ridge Trl,Davenport,FL,33897-6401,863-256-1649
7552,Regional Distribution Center 7552,5756 Enterprise Dr,Mccordsville,IN,46055-5552,N/A
7555,Fulfillment Svcs 7555,15101 N Beach St,Fort Worth,TX,76177-2721,559-783-1113
7557,Texas Sortation,"1201 Ne Loop 820, Suite 151",Ft Worth,TX,76131-0000,917-584-7990
7559,Fulfillment Svcs 7559,2785 Commerce Center Blvd,Bethlehem,PA,18015-0000,610-317-7330
7561,Fulfillment Svcs 7561,3101 N Highway 27,Carrolton,GA,30117-6887,559-783-1114
7566,North East Sortation,1 Sorbello Rd,Pedricktown,NJ,08067-0000,917-584-7990
7570,Mid West Sortation,3180 Urbancrest Industrial Drive,Urbancrest,OH,43123-0000,917-584-7990
7576,Mid South Sortation,3300 K-68 Hwy,Ottawa,KS,66067-0000,917-584-7990
7587,Bay Area Sortation,7000 Powerline Rd 8203,Sacramento,CA,95837-0000,917-584-7990
7588,South East Sortation,4755 Mcconnell Center,Greensboro,NC,27406,917-584-7990
7591,SO Cal Sortation,12455 Harvest Drive,Eastvale,CA,91752-0000,917-584-7990
7609,Repair Shops 7609,3320 S Arlington Ave,Indianapolis,IN,46203-5715,N/A
7614,Repair Shops 7614,239 Goddard Road,Lewiston,ME,04240-0000,207-344-2700
7615,Repair Shops 7615,397319 W 3000 Rd,Ochelata,OK,74051-2478,N/A
7621,Repair Shops 7621,546 Woodall Rd,Grandview,WA,98930-8824,N/A
7622,Distribution Center 7 7622,4554 Oscar Nelson Jr Dr,Baytown,TX,77523-2072,281-573-2047
7624,Repair Shops 7624,23769 Mathew Rd,Sterling,IL,61081-9111,N/A
7644,"IDC 7 - Charleston, Sc - Flow Dock",1030 Timothy Crk Rd,Ridgeville,SC,29472-0000,N/A
7648,Repair Shops 7648,2195 U.S.A. Parkway,Sparks,NV,89434-5603,N/A
7674,Flexe - Dallas2 - VS7641,14900 Frye Road,Fort Worth,TX,76155-0000,614-649-2700
7679,Ho Admin Dpt 7679,1 Kresge Rd,Fairless Hills,PA,19030-4500,650-825-8529
7682,Ho Admin Dpt 7682,702 Sw 8th St,Bentonville,AR,72716-6209,479-277-5285
7685,Flexe - Lawrence - VS7642,3051 Lakeview Road,Lawrence,KS,66049-0000,215-736-8280
7688,Centerpoint 7688,7748 Palmetto Commerce Pkwy,North Charleston,SC,29420-8825,479-204-8420
7691,Repair Shops 7691,4775 Forcum Ave,Mcclellan Park,CA,95652-2030,530-529-8480
7726,Repair Shops 7726,929 Highway 138,Grantsville,UT,84029-9711,435-634-2549
7730,Repair Shops 7730,390 Highridge Park Rd,Pottsville,PA,17901-8100,570-544-1387
7733,Repair Shops 7733,21465 Johnson Road,Apple Valley,CA,92307-0000,760-961-6384
7734,Repair Shops 7734,4844 Wheatleys Pond Rd,Smyrna,DE,19977-3799,302-659-4815
7735,Repair Shops 7735,18815 Nw 115th Ave,Alachua,FL,32615-6056,386-418-5981
7736,Repair Shops 7736,3162 Fm 3538 Rd,Sealy,TX,77474-3474,979-885-4384
7738,Repair Shops 7738,4001 S Jenkins Rd,Fort Pierce,FL,34981-4620,772-467-4500
7739,Repair Shops 7739,115 Distribution Way,Beaver Dam,WI,53916-8809,920-689-2556
7744,Red Bluff CA Fc - VS2377,10815 State Highway 99w,Red Bluff,CA,96080-7747,530-529-0916
7745,Repair Shops 7745,6000 Walton Way,Mount Crawford,VA,22841-2029,540-801-3100
7746,Porterville CA Fc - VS2378,1300 S F St,Porterville,CA,93257-5969,559-783-1109
7748,Loveland Dot Com Warehouse 7748,7400 E Crossroads Blvd,Loveland,CO,80538-0000,970-663-4111
7749,Mount Pleasant Ia Fc - VS2380,1501 E Mapleleaf Dr,Mount Pleasant,IA,52641-3106,319-385-5600
7750,Mt Crawford Dot Com Warehouse 7750,6008 Walton Way,Mount Crawford,VA,22841-0000,877-893-4821
7751,Woodland PA FC - Vc2382,100 Walmart Dr,Woodland,PA,16881-9300,814-857-5442
7752,"Alachua, FL FC - VS2383",18815 Nw 115th Ave,Alachua,FL,32615-6056,352-418-5900
7755,Repair Shops 7755,114 Fischer Pkwy,Gas City,IN,46933-2165,704-487-2525
7767,Regional Distribution Center 7767,15101 N Beach St,Fort Worth,TX,76177-2721,817-837-3210
7810,Dispatch Office 7810,21031 Gene Campbell Rd,New Caney,TX,77357-0000,281-429-5400
7812,Dispatch Office 7812,1400 Old Chillicothe Rd Se,Washington Court House,OH,43160-9305,740-636-5323
7813,Dispatch Office 7813,58 S Thornton Rd,Casa Grande,AZ,85193-9794,520-836-4500
7814,Dispatch Office 7814,239 Goddard Rd,Lewiston,ME,04240-1001,479-277-2044
7815,Dispatch Office 7815,397319 W 3000 Rd,Ochelata,OK,74051-2478,918-535-3147
7816,Dispatch Office 7816,10695 Freedom Trl,Gordonsville,VA,22942-6940,804-862-7780
7817,Dispatch Office 7817,843 State Route 43,Wintersville,OH,43952-7018,740-765-5701
7818,Dispatch Office 7818,3001 E State Farm Rd,North Platte,NE,69101-7774,308-535-3282
7819,Dispatch Office 7819,1005 Sara G Lott Blvd,Brundidge,AL,36010-4653,334-735-6060
7821,Dispatch Office 7821,1503 Bethany Rd,Grandview,WA,98930-0000,509-882-8130
7823,Dispatch Office 7823,6785 Sw Enterprize Blvd,Arcadia,FL,34269-6701,863-491-6501
7824,Dispatch Office 7824,23769 Mathew Rd,Sterling,IL,61081-9111,903-538-4180
7826,Dispatch Office 7826,929 Highway 138,Grantsville,UT,84029-9711,435-884-5100
7827,Bolingbrook Il,925 Dalton Ln,Bolingbrook,IL,60490-3237,331-757-2727
7830,Dispatch Office 7830,386 Highridge Park Rd,Pottsville,PA,17901-8100,570-544-1398
7833,Dispatch Office 7833,21101 Johnson Rd,Apple Valley,CA,92307-9357,760-961-6351
7834,Dispatch Office 7834,100 Walton Way,Smyrna,DE,19977-3757,573-265-4872
7835,Dispatch Office 7835,18815 Nw 115th Ave,Alachua,FL,32615-6056,386-418-5987
7836,Dispatch Office 7836,3162 Fm 3538 Rd,Sealy,TX,77474-3474,979-885-4349
7837,Centerpoint 7837,2380 Route 715,Tannersville,PA,18372-0000,479-204-9226
7838,Dispatch Office 7838,4001 S Jenkins Rd,Fort Pierce,FL,34981-4620,772-467-4551
7839,Dispatch Office 7839,115 Distribution Way,Beaver Dam,WI,53916-8809,920-689-2545
7840,Centerpoint 7840,3310 Gill Rd,Memphis,TN,38109-2900,901-566-3060
7842,Bentonville Warehouse,5800 Sw Regional Airport Blvd,Bentonville,AR,72712-0000,479-553-0500
7845,Dispatch Office 7845,6000 Walton Way,Mount Crawford,VA,22841-2029,866-770-5460
7847,Dispatch Office 7847,13762 Santa Ana Ave,Fontana,CA,92337-0000,909-349-6073
7848,Dispatch Office 7848,2195 U.S.A. Parkway,Sparks,NV,89434-5603,775-356-5001
7853,Regional Distribution Center 7853,5100 N Ridge Trl,Davenport,FL,33897-6414,863-256-1842
7855,Dispatch Office 7855,114 Fischer Parkway,Gas City,IN,46933-0000,765-677-7081
7868,Regional Distribution Center 7868,279p P And G Warehouse Way,Tunkhannock,PA,18657-6165,N/A
7877,Dispatch Office 7877,426 Logistics Dr,Cheyenne,WY,82009-8220,307-633-5000
7902,Lavergne Tn Pop-up-WHSE 7902,1740 Jp Hennessey Dr,Lavergne,TN,37086-0000,N/A
7903,Sparks Nv Pop-up-WHSE 7903,475 Lillard Drive,Sparks,NV,89434-0000,N/A
7904,Centerpoint,925 Dalton Ln,Bolingbrook,IL,60490-3237,331-757-2728
7966,7 Distribution Center # 7966,698 Crenshaw Blvd,Hopkinsville,KY,42240-0000,270-707-5001
7967,Midway,1653 Potter Town Rd,Midway,TN,37809-3117,423-235-3300
7969,Sealy,3164 Fm 3538,Sealy,TX,77474-0000,979-885-4300
7976,Centerpoint 7976,423 Pitts School Rd,Concord,NC,28027-2904,704-886-9273
7980,Distribution Center 7980,2243 N Goolie Rd,Donna,TX,78537-5687,N/A
7986,Fulfillment Network Level,850 Cherry Ave,San Bruno,CA,94066-3031,800-331-0085
7998,Ho Admin Dpt 7998,600 Gateway Blvd,Monroe,OH,45050-0000,317-830-5300
,,,,,,
Walmart Receiving DCs for Store Numbers 8074-8998,,,,,,
Store #,Address Line 1,Address Line 2,City,State,Zip Code,Phone Number
8074,TBA,100 Western Rd,West Hampton,NJ,08060-0000,609-288-9571
8086,"La Porte, TX Import Frozen",10060 Porter Rd,La Porte,TX,77571-7592,479-204-8420
8092,Return/Repair Center 8092,5795 N Blackstock Rd,Spartanburg,SC,29303-6301,205-739-0763
8097,Ho Admin DPT 8097,702 Sw 8th St,Bentonville,AR,72716-6209,479-273-4000
8098,Return/Repair Center 8098,1901 Se 10th Street,Bentonville,AR,72716-0001,479-254-4708
8103,Chino Combo WHSE 8103,6750 Kimball Avenue,Chino,CA,91708-0000,909-313-3053
8159,Bentonville AR FC - Vs6778,5800 Sw Regional Airport Blvd,Bentonville,AR,72712-0000,N/A
8240,Regional Distribution Center 8240,6055 S. Fulton Parkway,Atlanta,GA,30349-0000,770-603-4400
8348,Regional Distribution Center 8348,940 E Pleasant Run Rd,Lancaster,TX,75146,214-765-5063
8381,Ho Admin DPT 8381,333 S Spruce St,Manteno,IL,60950-3244,650-825-8529
8397,Regional Distribution Center 8397,2063 W. Miguel Bustamante Parkway,Colton,CA,92324-0000,909-498-2427
8564,Shoes Fc Boston Ma 8564,36 Cabot Rd,Woburn,MA,01801-1004,479-273-4000
8589,Regional Distribution Center 8589,2 Gateway Blvd.,Pedricktown,NJ,08067-0000,856-812-8289
8654,Ho Admin DPT 8654,TBD 8654,Denver,CO,80249-0000,518-591-0610
8663,Regional Distribution Center 8663,1110 Se 10th St,Bentonville,AR,72712-6470,999-999-9999
8677,Return/Repair Center 8677,27 Bear Hollow Rd,Pineville,MO,64856-8204,417-226-5000
8695,Regional Distribution Center 8695,8725 County Farm Rd,Irvington,AL,36544-0000,479-273-4000
8767,"Savannah, Ga Ambient Food",5816 Ga Highway 21,Port Wentworth,GA,31407-9704,912-298-7150
8820,Ho Admin DPT 8820,850 Cherry Ave,San Bruno,CA,94066-3031,650-837-4520
8838,Ho Admin DPT 8838,3485 Wineville Rd,Jurupa Valley,CA,91752-1003,951-681-6455
8840,Flexe - Columbus - Vs8498,5330 Crosswind Dr,Columbus,OH,43228-0000,650-825-8529
8851,Regional Distribution Center 8851,4505 Highway 524,Cocoa,FL,32926-3432,321-504-0120
8852,Regional Distribution Center 8852,2701 South Driver Road,Shafter,CA,93263-0000,661-292-7595
8866,Dispatch Office 8866,1106 South Broadway,Marlow,OK,73055-0000,580-658-3552
8879,Dispatch Office 8879,4505 State Road 524,Cocoa,FL,32926-3432,321-504-0000
8880,Distribution Center 8880,152 N Hwy 91,Hurricane,UT,84737-0000,435-634-1090
8905,Regional Distribution Center 8905,4900 N Ridge Trl,Davenport,FL,33897-6401,863-256-1649
8910,Ho Admin DPT 8910,2250 Roswell Dr,Pittsburgh,PA,15205-1800,479-273-4000
8944,Virtual Dc 8944,32200 N Avis Dr,Madison Heights,MI,48071-0000,479-273-4000
8961,Dispatch Office 8961,2701 South Driver Road,Shafter,CA,93263-0000,N/A
8972,Fulfillment Svcs 8972,5259 W 500 N,Mccordsville,IN,46055-5552,317-589-1012
8980,"Ridgeville, Sc Import Storage",1030 Timothy Creek Rd,Ridgeville,SC,29472-0000,854-220-1422
8998,Regional Distribution Center 8998,13762 Santa Ana Ave,Fontana,CA,92337-7032,773-982-9886
Walmart Receiving DCs for Store Numbers 9042-9974,,,,,,
Store #,Address Line 1,Address Line 2,City,State,Zip Code,Phone Number
9042,Fulfillment Svcs 9042,2 Gateway Blvd.,Pedricktown,NJ,08067-0000,856-276-9363
9053,Jewelry Repair & Size Fac 9053,1110 Se 10th St,Bentonville,AR,72712,479-273-4000
9054,Jewelry Return Center,1110 S.E. 10th Street,Bentonville,AR,72716,N/A
9058,Flexe - Mechanicsburg 2 - Vs8854,339 Heinz Street,Mechanicsburg,PA,17055-0000,650-825-8529
9066,Fulfillment Svcs 9066,235 E Sydney Dr,Sparks,NV,89437-6538,775-332-0251
9073,Fulfillment Svcs 9073,30801 W 191st St.,Edgerton,KS,66021-0000,913-603-6061
9074,Fulfillment Svcs 9074,120 Velocity Way,Shepherdsville,KY,40165-0000,502-281-5096
9097,Fulfillment Svcs 9097,3 Sorbello Way,Pedricktown,NJ,08067-0000,302-579-6606
9150,Whitestown In Pop Up Fc Vs9397 9150,3751 S 500 E,Whitestown,IN,46075-9556,812-599-0304
9153,Return/Repair Center 9153,2301 Corporation Pkwy,Waco,TX,76712-6952,254-666-0219
9156,Wfs Network Level,850 Cherry Ave,San Bruno,CA,94066-3031,800-331-0085
9164,Hayneedle.Com 9164,1001 Logistics Way,Monroe,OH,45044-3218,479-273-4000
9173,Centerpoint 9173,2321 Industrial Way,Vineland,NJ,08360-1551,479-273-4000
9180,Ho Admin Dpt 9180,235 E Sydney Dr,Sparks,NV,89437-6538,775-332-6594
9181,Distribution Center 9181,30801 W 191st St.,Edgerton,KS,66021-0000,913-401-4757
9193,Return/Repair Center 9193,6719 W 350 North,Greenfield,IN,46140-0000,317-869-4177
9194,Return/Repair Center 9194,3220 Avondale Mill Rd,Macon,GA,31216-7650,478-781-6212
9195,Return/Repair Center 9195,3382 Marion Dr.,North Las Vegas,NV,89115-0000,702-633-3436
9196,Return/Repair Center 9196,161 Enterprise Rd,Johnstown,NY,12095-3329,518-762-0002
9200,Nj1 HVFC WHSE Pedricktown Nj,2 Gateway Blvd,Pedricktown,NJ,08067-0000,N/A
9201,Ky1 HVFC WHSE Shepherdsville Ky,120 Velocity Way,Shepherdsville,KY,40165-0000,502-281-5096
9202,Ks1 HVFC WHSE Edgerton Ks,30801 W 191st St,Edgerton,KS,66021-0000,N/A
9204,Nv1 HVFC WHSE Macarran Nv,235 E Sydney Dr,Sparks,NV,89437-6538,N/A
9279,Flexe - Olive Branch - Vs9228,10425 Ridgewood Dr,Olive Branch,MS,38654-0000,650-825-8529
9298,Regional Distribution Center 9298,2041 Us Route 130,Florence,NJ,08505-0000,479-273-4000
9308,Regional Distribution Center 9308,6860 Sycamore Canyon Blvd,Riverside,CA,92507-0715,479-273-4000
9314,Centerpoint 9314,2001 Old River Rd,Bloomingdale,GA,31302-0000,479-204-9226
9398,Return/Repair Center 9398,601 N Walton Blvd.,Bentonville,AR,72716-0000,479-273-4000
9446,Flexe-dfw - Vs8804,"10300 Sanden Drive,
Suite 100",Dallas,TX,75238-0000,650-825-8529
9460,Wmt Fulfillment Co Projects,850 Cherry Ave,San Bruno,CA,94066-3031,479-277-4339
9604,"N Charleston, Sc Import Frozen",7748 Palmetto Commerce Parkway,North Charleston,SC,29420-8825,479-204-8420
9610,Nj51 Next Gen Pilot Pedricktown - Vs9615,"2 Gateway Blvd,
Suite 51",Pedricktown,NJ,08067-3629,856-812-8289
9631,Charleston,"400 Long Point Rd,
Bld. 402",Mt. Pleasant,SC,29464-8206,433-287-0927
9652,"Fontana, Ca Ambient Food",11188 Citrus Ave,Fontana,CA,92337-7418,479-204-8420
9662,Virtual Dc 9662,8725 County Farm Road,Irvington,AL,36544-0000,N/A
9726,Flexe - Pendergrass - Vs9406,580 Raco Pkwy,Pendergrass,GA,30567-0000,N/A
9765,Ho Admin Dpt 9765,702 Sw 8th St,Bentonville,AR,72716-6209,479-426-0171
9766,Ho Admin Dpt 9766,702 Sw 8th St,Bentonville,AR,72716-6209,479-277-4339
9770,Walmart Olympia Dispatch Virtual Dc,3010 Foron Rd,Centralia,WA,98531-9221,509-882-8160
9777,Lucidity Carlsbad - Vs973,3132 Tiger Run Court. G101,Carlsbad,CA,92009-0000,888-905-8243
9786,Repair Shops 9786,2150 W Pleasant Center Rd,Fort Wayne,IN,46819-9530,N/A
9821,Tx9 9821,3162 Fm 3538 Rd,Sealy,TX,77474-3474,979-885-4330
9837,Regional Distribution Center 9837,1901 Se 10th Street,Bentonville,AR,72716-0001,518-284-5582
9848,Dispatch Office 9848,5805 Sw Regional Airport Road,Bentonville,AR,72713-0615,479-277-6704
9850,Dispatch Office 9850,3300 Demorest Rd,Grove City,OH,43123-8058,614-539-4007
9854,Repair Shops 9854,2863 Melville Commerce Pkwy,Mebane,NC,27302-0000,479-273-4000
9855,Dispatch Office 9855,2863 Senator Ralph Scott Pkwy,Mebane,NC,27302-0000,678-724-4119
9858,Dispatch Office 9858,2150 W Pleasant Center Rd,Fort Wayne,IN,46819-9530,501-000-0000
9893,Flexe - Groveport - Vs9922,2829 Rohr Rd,Groveport,OH,43125-9305,650-825-8529
9895,Ho Admin Dpt 9895,1001 Logistics Way,Monroe,OH,45044-0000,N/A
9902,Dispatch Office 9902,3010 Foron Rd,Centralia,WA,98531-9221,360-508-9987
9916,Flexe - Manteno 2 - Vs9913,8374 N. 4000 E Road,Manteno,IL,60950-3588,650-825-8529
9917,Flexe - Mechanicsburg - Vs9919,338 Heinz Street,Mechanicsburg,PA,17055-3212,650-825-8529
9968,Ho Admin Dpt 9968,850 Cherry Ave,San Bruno,CA,94066-3031,650-837-4520
9974,Ho Admin Dpt 9974,90 Northfield Avenue,Edison,NJ,08837-3807,732-902-5170
,,,,,,
"Walmart Receiving DCs for Store Numbers 10,567-10,954",,,,,,
Store #,Address Line 1,Address Line 2,City,State,Zip Code,Phone Number
10567,GNFR WHSE- Real Estate 10567,"1201 Ne Loop 820, Suite 151",Fort Worth,TX,76131-1521,479-544-2939
10574,GNFR WHSE- Real Estate 10574,5300 Sw Regional Airport Blvd,Bentonville,AR,72713-9428,479-321-5280
10590,GNFR WHSE- Real Estate 10590,505 Pride Dr,Hammond,LA,70401-9519,985-520-6625
10591,GNFR WHSE - Real Estate 10591,"22700 E I-76 Frontage Rd, Suite 200",Brighton,CO,80603-0000,303-379-3086
10592,GNFR WHSE - Real Estate 10592,"980 Derita Rd, Suite A",Concord,NC,28027-0000,704-706-6834
10593,GNFR WHSE - Real Estate 10593,"7775 W Buckeye Rd, Suite 300",Phoenix,AZ,85043-4204,602-451-5920
10615,GNFR WHSE - Real Estate 10615,7600 Assateague Dr,Jessup,MD,20794-0000,443-204-6528
10616,GNFR WHSE - Real Estate 10616,36 Industry Dr,Eighty Four,PA,15330-2926,717-579-1571
10617,GNFR WHSE - Real Estate 10617,95 Aubuchon Dr,Westminster,MA,01473-1470,978-571-6440
10642,GNFR WHSE - Real Estate 10642,"1981 N Powerline Rd,
Ste 120",Pompano Beach,FL,33069,954-590-9938
10643,GNFR WHSE - Real Estate 10643,"7501 Sw 29th St, Suite 300",Oklahoma City,OK,73179-5217,999-999-9999
10644,GNFR WHSE - Real Estate 10644,"2110 Lawrence Ave,
Ste 200",East Point,GA,30344-1736,404-460-2374
10645,GNFR WHSE - Real Estate 10645,23040 Ne Townsend Way,Fairview,OR,97024-4624,999-999-9999
10651,GNFR WHSE - Real Estate 10651,4080 N Combee Rd,Lakeland,FL,33805-8546,863-400-7876
10652,GNFR WHSE - Real Estate 10652,301 Rock Industrial Park Dr,Bridgeton,MO,63044-1214,314-820-3954
10653,GNFR WHSE - Real Estate 10653,3880 Technology Ct,Sandston,VA,23150-5033,804-680-3024
10654,Ho Admin Dpt 10654,"1 Sorbello Rd, Building 1",Pedricktown,NJ,08067-3631,856-276-9016
10655,GNFR WHSE - Real Estate 10655,"2491 Principal Row,
Suites 100 200 & 300",Orlando,FL,32837-8361,214-762-2242
10656,GNFR WHSE - Real Estate 10656,"14544 Gold Coast Rd, Suite 480 Warehouse 2",Omaha,NE,68138-6551,402-938-0989
10657,GNFR WHSE - Real Estate 10657,533 New Paul Rd,La Vergne,TN,37086-4958,615-903-3259
10658,GNFR WHSE - Real Estate 10658,502 E Whitmore Ave,Modesto,CA,95358-9411,479-360-8202
10659,GNFR WHSE - Real Estate 10659,7600 49th Ave N,New Hope,MN,55428-4213,763-273-9122
10660,GNFR WHSE - Real Estate 10660,3363 Miac Cove,Memphis,TN,38118-3600,317-919-0923
10661,GNFR WHSE - Real Estate 10661,40761 County Center Dr,Temecula,CA,92591-6020,951-326-2422
10662,GNFR WHSE - Real Estate 10662,2540 Airwest Blvd,Plainfield,IN,46168-7701,317-204-6680
10663,GNFR WHSE - Real Estate 10663,4500 Matthew,Flint,MI,48507-3151,810-406-4528
10664,GNFR WHSE - Real Estate 10664,"3180 Urbancrest Industrial Dr, Suite 1",Urbancrest,OH,43123-1767,614-782-9926
10665,GNFR WHSE - Real Estate 10665,1701 Crossroads Dr,Joliet,IL,60431-7933,847-702-7079
10666,GNFR WHSE - Real Estate 10666,2415 Us Highway 78,Moody,AL,35004-2137,205-767-2271
10667,GNFR WHSE - Real Estate 10667,"11000 N I-35, Suite D",Austin,TX,78753-3152,512-382-2000
10752,Item File Team,2001 Se 10th Street,Bentonville,AR,72712-6489,479-204-0249
10805,GNFR WHSE - Real Estate 10805,5424 Albert S White Dr,Whitestown,IN,46075-9556,317-768-8541
10811,Wfs Accounting Adj,850 Cherry Ave,San Bruno,CA,94066-3031,800-331-0085
10816,Wfs Accounting Adj - Sortation,850 Cherry Ave,San Bruno,CA,94066-3031,800-331-0085
10826,Fulfillment Svcs 10826,120 Velocity Way,Shepherdsville,KY,40165-0000,800-331-0085
10841,Wfs Sortation Ic Cost,850 Cherry Ave,San Bruno,CA,94066-3031,800-331-0085
10846,Gm Consolidation Admin,609 N Walton Blvd,Bentonville,AR,72712-4546,479-204-9053
10847,Jewelry Dc Admin,609 N Walton Blvd,Bentonville,AR,72712-4546,479-204-9053
10848,Optical Dc Admin,609 N Walton Blvd,Bentonville,AR,72712-4546,479-204-9053
10849,Pharmacy Dc Admin,609 N Walton Blvd,Bentonville,AR,72712-4546,479-204-9053
10954,GNFR WHSE - Real Estate 10954,4884 W 1100 S,Salt Lake City,UT,84104-0000,801-606-1985
,,,,,,
Walmart Receiving DCs for Store Numbers 11255-11692,,,,,,
Store #,Address Line 1,Address Line 2,City,State,Zip Code,Phone Number
11255,Store 11255,790 Diamond Ave,Red Bluff,CA,96080-7747,775-750-3339
11669,HO Admin DPT 11669,702 Sw 8th St,Bentonville,AR,72716-6209,479-502-3287
11692,Dispatch Office 11692,702 Sw 8th St,Bentonville,AR,72716-6209,913-433-8393